seller_id,product_id,name,price,images,warranty_info,categories,description,short_description,rating_average,all_time_quantity_sold,brand,sku,review_text,review_count
1,75307228,Sách OSHO Yêu - Being In Love - Yêu Trong Tỉnh Thức,112000,"{
  ""images"": [{
    ""thumbnail_url"": ""https://salt.tikicdn.com/cache/200x280/media/catalog/producttmp/2d/e3/d4/fe4142e4c0fb202d3d4c01bc9b4ee085.jpg"",
    ""medium_url"": ""https://salt.tikicdn.com/cache/w300/media/catalog/producttmp/2d/e3/d4/fe4142e4c0fb202d3d4c01bc9b4ee085.jpg"",
    ""large_url"": ""https://salt.tikicdn.com/cache/w1200/media/catalog/producttmp/2d/e3/d4/fe4142e4c0fb202d3d4c01bc9b4ee085.jpg"",
    ""label"": null,
    ""position"": null,
    ""is_gallery"": ""true"",
    ""small_url"": ""https://salt.tikicdn.com/cache/200x280/media/catalog/producttmp/2d/e3/d4/fe4142e4c0fb202d3d4c01bc9b4ee085.jpg"",
    ""base_url"": ""https://salt.tikicdn.com/media/catalog/producttmp/2d/e3/d4/fe4142e4c0fb202d3d4c01bc9b4ee085.jpg""
  }, {
    ""thumbnail_url"": ""https://salt.tikicdn.com/cache/200x280/ts/product/e5/eb/58/f80fe59063c07f22b4a450a73f23fc08.jpg"",
    ""medium_url"": ""https://salt.tikicdn.com/cache/w300/ts/product/e5/eb/58/f80fe59063c07f22b4a450a73f23fc08.jpg"",
    ""large_url"": ""https://salt.tikicdn.com/cache/w1200/ts/product/e5/eb/58/f80fe59063c07f22b4a450a73f23fc08.jpg"",
    ""label"": null,
    ""position"": null,
    ""is_gallery"": ""true"",
    ""small_url"": ""https://salt.tikicdn.com/cache/200x280/ts/product/e5/eb/58/f80fe59063c07f22b4a450a73f23fc08.jpg"",
    ""base_url"": ""https://salt.tikicdn.com/ts/product/e5/eb/58/f80fe59063c07f22b4a450a73f23fc08.jpg""
  }, {
    ""thumbnail_url"": ""https://salt.tikicdn.com/cache/200x280/ts/product/0e/c1/12/34674efdedcbb3029f58e58724822afb.jpg"",
    ""medium_url"": ""https://salt.tikicdn.com/cache/w300/ts/product/0e/c1/12/34674efdedcbb3029f58e58724822afb.jpg"",
    ""large_url"": ""https://salt.tikicdn.com/cache/w1200/ts/product/0e/c1/12/34674efdedcbb3029f58e58724822afb.jpg"",
    ""label"": null,
    ""position"": null,
    ""is_gallery"": ""true"",
    ""small_url"": ""https://salt.tikicdn.com/cache/200x280/ts/product/0e/c1/12/34674efdedcbb3029f58e58724822afb.jpg"",
    ""base_url"": ""https://salt.tikicdn.com/ts/product/0e/c1/12/34674efdedcbb3029f58e58724822afb.jpg""
  }]
}","{
  ""warranty_info"": []
}","{
  ""categories"": {
    ""is_leaf"": ""false"",
    ""name"": ""Sách tiếng Việt"",
    ""id"": ""316""
  }
}","<p>“YÊU” TRONG TỈNH THỨC VỚI OSHO<br /><br />Một chỉ dẫn “yêu không sợ hãi” đầy ngạc nhiên từ bậc thầy tâm linh Osho <br /><br /><br />Những người đói khát trong nhu cầu, những người luôn kỳ vọng ở tình yêu chính là những người đau khổ nhất. Hai kẻ đói khát tìm thấy nhau trong một mối quan hệ yêu đương cùng những kỳ vọng người kia sẽ mang đến cho mình thứ mình cần – về cơ bản sẽ nhanh chóng thất vọng về nhau và cùng mang đến ngục tù khổ đau cho nhau. Trong cuốn sách Yêu, Osho - bậc thầy tâm linh, người được tôn vinh là một trong 1000 người kiến tạo của thế kỷ 20 – đã đưa ra những kiến giải sâu sắc về nhu cầu tâm lý có sức mạnh lớn nhất của nhân loại và “chỉ cho chúng ta cách trải nghiệm tình yêu”. <br /><br />Trong “Yêu” (Tựa gốc: Being in Love), Osho dẫn người đọc vào một hành trình tìm hiểu táo bạo và đầy sôi nổi về “hiện tượng bí ẩn” mang tên tình yêu. “Điều bạn cần làm không phải là học cách yêu, mà là loại bỏ những cách đánh mất tình yêu”, ông mở đầu. Trước tiên, Osho đưa ra một danh sách những điều “không phải là tình yêu”. Ông phân tích những nhu cầu đi kèm tình yêu thương đã phá hủy tình yêu ra sao, điều này diễn ra kể từ khi con người mới chào đời cho đến khi trưởng thành. Những thói quen đòi hỏi, mong muốn sở hữu người khác, kỳ vọng vào người khác… đều tạo nên sự hủy diệt và xung đột trong mọi mối quan hệ tình cảm, bao gồm cả tình yêu. Theo ông, tình yêu không bao gồm cảm giác ghen tuông, chiếm hữu, cạnh tranh, phụ thuộc, hay việc đòi hỏi người mình yêu phải hoàn hảo. Những điều trên đều khởi nguồn từ cái tôi, và Osho cho rằng: “Khi bạn thật sự yêu ai đó, cái tôi của bạn bắt đầu tan chảy và biến mất”. <br /><br />Thông qua từng chương của cuốn sách, bạn đọc nhận diện những dấu hiệu của một tình yêu đích thực: Sự cho đi và không chờ đợi được nhận lại, sự trưởng thành cá nhân, đặc biệt là sự tỉnh thức khi yêu. “Việc tỉnh táo nhận biết về bản thể của mình là sự khởi đầu của hành trình hướng tới tình yêu”. <br /><br />Trong phần trọng tâm của cuốn sách “Tình yêu là cơn gió mát lành” - Osho dành nhiều thời lượng bàn về những chỉ dẫn yêu đương, tinh tế, thấu cảm, hài hước và nhiệt tình chẳng kém gì một nhà tư vấn tâm lý hiện đại tài ba nhất. Ông hoá giải những trải nghiệm tệ hại mà ta gặp phải khi yêu: Sự hụt hẫng sau những phấn khích ban đầu hay thất vọng về tình dục. Hiếm có một bậc thầy tâm linh nào lại mang ánh sáng của thiền và đạo vào vấn đề tình dục, khoái cảm như Osho và ông đã kiến giải vấn đề này vô cùng uyên bác, thấu đáo và có tính giáo dục cao hơn bất cứ cuốn sách giáo dục giới tính nào trong vấn đề tình dục từng có. Osho cũng thẳng thừng gạt phăng những hiểu lầm, những “ý nghĩ vô nghĩa” về tình yêu như tư tưởng “yêu là đau khổ” hay phụ nữ không nên là người chủ động khi yêu.<br /><br />Sau cùng, Osho đưa ra những “niềm tin mới”, cổ vũ bạn đọc dấn thân vào tình yêu đích thực, thứ tình yêu của những linh hồn trưởng thành để đem đến sự hạnh phúc, khai sáng và chữa lành cho tất cả. Osho cũng đưa ra nhiều lời khuyên đáng giá cho các cặp đôi đang yêu.<br /><br />Chúng ta thường sợ hãi khi nghĩ về tình yêu, ta e ngại những nỗi đau lẫn rắc rối mà nó đem đến. Với “Yêu”, bằng giọng văn cá tính và cuốn hút đặc trưng, Osho đem đến sự thấu hiểu trọn vẹn về tình yêu, đồng thời truyền niềm tin và sự dũng cảm để bạn đọc bước vào trải nghiệm phức tạp này một cách mới mẻ trong thứ ánh sáng tỉnh thức của tâm linh. “Tình yêu chỉ có thể trưởng thành trong tình yêu”, ông nói, “Có điều gì đó thật đẹp đang chờ bạn phía trước. Nếu bạn có thể chờ đợi, nếu bạn có đủ kiên nhẫn và có thể tin tưởng, nó sẽ đến”.<br /><br /><strong>BOX: </strong></p>
<p>Osho là bậc đạo sư gây tranh cãi bậc nhất, đồng thời cũng có ảnh hưởng nhất. Tờ Sunday Times của London mô tả Osho là một trong 1000 người kiến tạo của thế kỷ 20. Còn tờ Sunday Mid-day của Ấn Độ bình chọn Osho là một trong 10 người, cùng với Gandhi, Nehru và Đức Phật, thay đổi vận mệnh của Ấn Độ. Sách của ông đã được dịch ra hơn 60 ngôn ngữ trên thế giới.<br />Osho được biết đến với những đóng góp mang tính cách mạng trong lĩnh vực chuyển hoá nội tâm thông qua thiền định. Phương pháp thiền động của Osho (active meditation) giúp giải toả căng thẳng cho thân và tâm, giúp mọi người dễ dàng trải nghiệm sự an nhiên, tĩnh tại. </p><p>Giá sản phẩm trên Tiki đã bao gồm thuế theo luật hiện hành. Bên cạnh đó, tuỳ vào loại sản phẩm, hình thức và địa chỉ giao hàng mà có thể phát sinh thêm chi phí khác như phí vận chuyển, phụ phí hàng cồng kềnh, thuế nhập khẩu (đối với đơn hàng giao từ nước ngoài có giá trị trên 1 triệu đồng).....</p>","“YÊU” TRONG TỈNH THỨC VỚI OSHOMột chỉ dẫn “yêu không sợ hãi” đầy ngạc nhiên từ bậc thầy tâm linh Osho Những người đói khát trong nhu cầu, những người luôn kỳ vọng ở tình yêu chính là những người đau k...",5.0,751354,"{
  ""brand"": null
}",9.03882E+12,-1956,1956
1,632680,Dầu Gội Chống Gàu Selsun (100ml),86000,"{
  ""images"": [{
    ""thumbnail_url"": ""https://salt.tikicdn.com/cache/200x280/media/catalog/producttmp/c1/e2/a9/e5d06249eb8c35fb1e5c82964a6b5ee7.jpg"",
    ""medium_url"": ""https://salt.tikicdn.com/cache/w300/media/catalog/producttmp/c1/e2/a9/e5d06249eb8c35fb1e5c82964a6b5ee7.jpg"",
    ""large_url"": ""https://salt.tikicdn.com/cache/w1200/media/catalog/producttmp/c1/e2/a9/e5d06249eb8c35fb1e5c82964a6b5ee7.jpg"",
    ""label"": null,
    ""position"": null,
    ""is_gallery"": ""true"",
    ""small_url"": ""https://salt.tikicdn.com/cache/200x280/media/catalog/producttmp/c1/e2/a9/e5d06249eb8c35fb1e5c82964a6b5ee7.jpg"",
    ""base_url"": ""https://salt.tikicdn.com/media/catalog/producttmp/c1/e2/a9/e5d06249eb8c35fb1e5c82964a6b5ee7.jpg""
  }, {
    ""thumbnail_url"": ""https://salt.tikicdn.com/cache/200x280/media/catalog/product/r/m/rmv-s-s100.u4064.d20170504.t114612.423338.jpg"",
    ""medium_url"": ""https://salt.tikicdn.com/cache/w300/media/catalog/product/r/m/rmv-s-s100.u4064.d20170504.t114612.423338.jpg"",
    ""large_url"": ""https://salt.tikicdn.com/cache/w1200/media/catalog/product/r/m/rmv-s-s100.u4064.d20170504.t114612.423338.jpg"",
    ""label"": null,
    ""position"": null,
    ""is_gallery"": ""true"",
    ""small_url"": ""https://salt.tikicdn.com/cache/200x280/media/catalog/product/r/m/rmv-s-s100.u4064.d20170504.t114612.423338.jpg"",
    ""base_url"": ""https://salt.tikicdn.com/media/catalog/product/r/m/rmv-s-s100.u4064.d20170504.t114612.423338.jpg""
  }]
}","{
  ""warranty_info"": []
}","{
  ""categories"": {
    ""is_leaf"": ""true"",
    ""name"": ""Dầu Gội"",
    ""id"": ""1613""
  }
}","<p><span style=""font-weight:400;"">Da dầu ngứa vì gàu, nấm làm bạn khó chịu và mất tự tin? vậy thì </span> <span style=""font-weight:400;"">chính là lựa chọn hoàn hảo cho bạn đấy</span><strong>.</strong><span style=""font-weight:400;""> Đây là dòng sản phẩm trị gàu, nấm hiệu quả được nhiều khách hàng tin dùng. Selsun không chỉ là giải quyết nỗi lo về gàu ngứa da đầu mà còn mang đến mái tóc chắc khỏe, suôn mượt cho bạn. Cùng Tiki tìm hiểu thêm về dòng sản phẩm này nhé. </span></p>
<h2>Dầu gội Selsun - Giải pháp chống gàu hiệu quả</h2>
<p><span style=""font-weight:400;"">Selsun là thương hiệu </span><span style=""font-weight:400;""> nổi tiếng của tập đoàn Rohto - Mentholatum đến từ Nhật Bản. </span><strong>Dầu gội Selsun</strong><span style=""font-weight:400;""> không chỉ có mặt tại Việt Nam mà còn ở nhiều quốc gia khác trên thế giới và nhận được sự đánh giá tích cực từ nhiều người tiêu dùng. </span></p>
<p><span style=""font-weight:400;"">Với thành phần chuyên biệt đặc trị gàu và nấm da đầu, </span><strong>dầu gội Selsun</strong><span style=""font-weight:400;""> là sự lựa chọn hàng đầu và tiên phong trong lĩnh vực trị gàu. Giờ đây, bạn không còn lo lắng về những vảy nấm và gàu vì các thành phần có trong dầu gội sẽ bị “đánh bay” và trả lại mái tóc sạch gàu, da đầu hết ngứa cho bạn. Bên cạnh đó, </span><strong>Dầu gội Selsun</strong><span style=""font-weight:400;""> còn bổ sung các thành phần có tác dụng nuôi dưỡng nang tóc, giúp sợi tóc chắc khỏe và bóng mượt. </span></p>
<p><span style=""font-weight:400;"">Hiện nay Selsun cũng nhưng các sản phẩm của </span><span style=""font-weight:400;""> đã có gian hàng chính hãng trên Tiki. Bạn có thể ghé gian hàng này để đặt ngay các sản phẩm chính hãng với nhiều ưu đãi hấp dẫn. </span></p>
<p><img src=""https://salt.tikicdn.com/cache/750x750/ts/review/2c/36/d7/4406b0273e51bed39a2d85ea5e95061d.jpg.webp"" alt=""Dầu gội Selsun - Giải pháp trị gàu hiệu quả"" width=""750"" height=""750"" /></p>
<p><span style=""font-weight:400;"">Thị trường chính thức tại Việt Nam đã có các dạng đóng </span><strong>dầu gội Selsun</strong><span style=""font-weight:400;""> như:</span></p>
<ul><li><span style=""font-weight:400;"">Dầu gội Selsun 50ml</span></li>
<li><strong>Dầu gội Selsun 100ml</strong></li>
<li><strong>Dầu gội Selsun 250ml</strong></li>
<li><strong>Dầu gội Selsun gói</strong> <strong>5ml</strong><span style=""font-weight:400;""> tiện dụng cho du lịch</span></li>
</ul><h2><strong>Mô tả chi tiết sản phẩm dầu gội Selsun chống gàu (100ml)</strong></h2>
<p><span style=""font-weight:400;"">Như đã trình bày ở phần trên, Selsun là sản phẩm chuyên trị gàu nhưng liệu bạn có phù hợp với bảng thành phần sản phẩm? Sử dụng thế nào mới hiệu quả? Đây chắc chắn là thắc mắc của nhiều khách hàng, Tiki sẽ cung cấp nhiều thông tin hơn ở phần tiếp theo đây:</span></p>
<h3><strong>Dung tích </strong></h3>
<p><span style=""font-weight:400;"">Sản phẩm được đựng trong chai nhựa với dung tích 100ml. </span></p>
<h3><strong>Công dụng</strong></h3>
<ul><li style=""font-weight:400;""><span style=""font-weight:400;"">Hỗ trợ điều trị và chống gàu.</span></li>
<li style=""font-weight:400;""><span style=""font-weight:400;"">Diệt các vảy nấm trên da đầu.</span></li>
<li style=""font-weight:400;""><span style=""font-weight:400;"">Làm sạch bụi bẩn, chất nhờn cũng như kháng viêm cho da đầu.</span></li>
<li style=""font-weight:400;""><span style=""font-weight:400;"">Ức chế sự hình thành và phát triển của các tế bào sừng nguyên nhân gây ra gàu, nấm.</span></li>
<li style=""font-weight:400;""><span style=""font-weight:400;"">Kích thích sự phát triển và nuôi dưỡng các nang tóc, giảm gãy rụng tóc. </span></li>
<li style=""font-weight:400;""><span style=""font-weight:400;"">Duy trì mái tóc khỏe đẹp, suôn mượt. </span></li>
</ul><h3><strong>Chi tiết thành phần</strong></h3>
<p><span style=""font-weight:400;"">Thành phần chính của </span><strong>dầu gội Selsun</strong><span style=""font-weight:400;"">:</span></p>
<ul><li style=""font-weight:400;""><strong>Selenium Sulfide</strong><span style=""font-weight:400;"">: Có tác dụng vượt trội trong việc tìm và đánh bay gàu, nấm da đầu. </span></li>
<li style=""font-weight:400;""><strong>Dimethicone và Tab 2</strong><span style=""font-weight:400;"">: Giúp mái tóc khỏe đẹp, mềm mại và không xơ rối. </span></li>
<li style=""font-weight:400;""><strong>Citric Acid</strong><span style=""font-weight:400;"">: Tinh chất thường có trong quả chanh </span><span style=""font-weight:400;""> và kích thích mọc tóc. </span></li>
</ul><p><span style=""font-weight:400;"">Ngoài ra còn có thành phần khác như: Water, </span><span style=""font-weight:400;"">Ammonium Lauryl Sulfate, Distearyl Phthalic Acid Amide, Ammonium Laureth Sulfate, Cocamide DEA, Dimethicone, Hydroxypropyl Methylcellulose,  Sodium Citrate, Bentonite, DMDM Hydantoin, Fragrance.</span></p>
<h3><strong>Đối tượng sử dụng</strong></h3>
<p><strong>Dầu gội Selsun </strong><span style=""font-weight:400;"">được dùng cho tóc gàu, phù hợp với những người bị gàu và ngứa da đầu. Hoặc những người đang gặp vấn đề về nấm da đầu cũng có thể sử dụng sản phẩm này để hỗ trợ điều trị. </span></p>
<p><span style=""font-weight:400;"">Thông thường các sản phẩm dầu gội trị gàu thường làm khô tóc và phai màu nhuộm nhưng Selsun đặc biệt có thể sử dụng cho cả tóc nhuộm và uốn. </span></p>
<p><strong>Chú ý</strong><span style=""font-weight:400;"">: Không sử dụng cho người dị ứng với bất kỳ thành phần nào của dầu gội, người có biểu hiện viêm cấp tính hoặc xuất huyết. Ngoài ra trẻ nhỏ dưới 5 tuổi và phụ nữ có thai cũng không nên sử dụng sản phẩm. </span></p>
<h3><strong>Hướng dẫn sử dụng</strong></h3>
<ul><li style=""font-weight:400;""><span style=""font-weight:400;"">Trước khi dùng hãy lắc kỹ sản phẩm.</span></li>
<li style=""font-weight:400;""><span style=""font-weight:400;"">Làm ướt da đầu và tóc.</span></li>
<li style=""font-weight:400;""><span style=""font-weight:400;"">Lấy một lượng </span><strong>dầu gội Selsun </strong><span style=""font-weight:400;"">vừa đủ cho vào lòng tay.</span></li>
<li style=""font-weight:400;""><span style=""font-weight:400;"">Nhẹ nhàng thoa dầu gội lên tóc từ gốc đến ngọn. Xoa đều và </span><span style=""font-weight:400;""> bằng ngón tay để dầu gội thấm và làm sạch sâu bụi bẩn, nấm gây gàu.</span></li>
<li style=""font-weight:400;""><span style=""font-weight:400;"">Để khoảng 2 -3 phút cho kết quả tốt hơn, sau đó xả sạch lại với nước.</span></li>
<li style=""font-weight:400;""><span style=""font-weight:400;"">Nếu bạn bị gàu nặng thì nên dùng đều đặn 2 lần/tuần cho đến khi hết hẳn gàu. Sau đó tiếp tục dùng liều duy trì 1 lần/tuần để ngăn ngừa gàu quay trở lại. </span></li>
<li style=""font-weight:400;""><span style=""font-weight:400;"">Sau khi nhuộm tóc, bạn hãy đợi ít nhất 1 - 2 tuần hãy sử dụng dầu gội trị gàu Selsun. Dùng bổ sung thêm </span><span style=""font-weight:400;"">, dầu dưỡng để tránh tóc bị khô rụng.  </span></li>
<li style=""font-weight:400;""><span style=""font-weight:400;"">Không để dầu gội tiếp xúc với mắt nếu dính vào mắt hãy rửa kỹ bằng nước sạch. </span></li>
</ul><h3><strong>Hướng dẫn bảo quản</strong></h3>
<p><span style=""font-weight:400;"">Bạn hãy để dầu gội tránh xa tầm tay trẻ nhỏ và đặt chúng ở khu vực thoáng mát, nhiệt độ từ 15 - 30 độ C, tránh ánh nắng mặt trời.  </span></p>
<p><span style=""font-weight:400;""><img src=""https://salt.tikicdn.com/cache/750x750/ts/review/51/74/41/f44078457c248b1ad239b0d8337970e2.jpg.webp"" alt=""Dầu gội Selsun trị gàu 100ml"" width=""750"" height=""750"" /></span></p>
<p><strong>Cách phân biệt dầu gội Selsun thật và giả</strong></p>
<p><span style=""font-weight:400;"">Nếu mua phải hàng giả, hàng nhái thì có thể khiến bạn bị dị ứng, tình trạng gàu, viêm càng nặng thêm. Do đó bạn cần phải kiểm tra kỹ sản phẩm trước khi mua. Một số lưu ý cho bạn để phân biệt </span><strong>dầu gội Selsun</strong><span style=""font-weight:400;""> thật - giả: </span></p>
<ul><li style=""font-weight:400;""><strong>Thông tin sản phẩm</strong><span style=""font-weight:400;"">: Hàng thật luôn có các thông tin rõ ràng về thành phần, nơi sản xuất, lô hàng, ngày sản xuất, ngày hết hạn, hướng dẫn sử dụng… được in đậm và rõ nét. Trong khi hàng giả không đầy đủ thông tin, phần chữ in ấn mờ nhạt, dễ phai và nếu không có mã code thì chắc chắn là hàng nhái rồi đấy.</span></li>
<li style=""font-weight:400;""><strong>Mùi hương</strong><span style=""font-weight:400;"">: </span><strong>Dầu gội Selsun</strong><span style=""font-weight:400;""> chính hãng có mùi đặc trưng hơi nồng kiểu mùi thuốc tây do có chứa hoạt chất diệt nấm và gàu. Do đó nếu chai Selsun của bạn có hương thơm như những dầu gội thông thường khác hoặc quá nồng hắc mùi hóa chất thì có thể là sản phẩm kém chất lượng. </span></li>
<li style=""font-weight:400;""><strong>Bao bì</strong><span style=""font-weight:400;"">: Hàng chính hãng vỏ chai có độ bóng đẹp, sắc cạnh các đường viền, logo rõ, nội dung, bố cũng được trình bày chi tiết rõ ràng. </span></li>
<li style=""font-weight:400;""><strong>Kết cấu</strong><span style=""font-weight:400;"">: Selsun dầu gội có kết cấu đặc, màu cam nhạt nếu sản phẩm bạn mua có sự khác biệt thì nên lưu ý nhé.</span></li>
</ul><p><span style=""font-weight:400;""><img src=""https://salt.tikicdn.com/cache/750x750/ts/review/e7/57/06/7918193087f3bed337e2cea4c54e6d02.jpg.webp"" alt=""Dầu gội Selsun 100ml chính hãng"" width=""750"" height=""750"" /></span></p>
<p><span style=""font-weight:400;""><img src=""https://salt.tikicdn.com/cache/750x750/ts/review/84/22/ff/4fd138a29d677d574fa7e33e636ace62.jpg.webp"" alt=""Dầu gội Selsun 100ml chính hãng"" width=""750"" height=""750"" /></span></p>
<h2>Mua dầu gội Selsun 100ml, dầu gội Selsun 250ml, dầu gội Selsun trị nấm chính hãng, giá tốt tại T</h2>
<p><span style=""font-weight:400;"">Để tránh mua phải</span><strong> dầu gội Selsun</strong><span style=""font-weight:400;""> hàng giả, hàng nhái bạn hãy truy cập ngay </span><span style=""font-weight:400;"">. Đây là là trang thương mại điện tử uy tín và lớn nhất Việt Nam hiện nay. Bạn có thể tìm thấy các sản phẩm như </span><strong>dầu gội Selsun 100ml, dầu gội Selsun 250ml, dầu gội Selsun túi,</strong> <strong>dầu gội Selsun trị nấm</strong><span style=""font-weight:400;""> chính hãng với giá siêu đãi tại Tiki. </span></p>
<p><span style=""font-weight:400;"">Bên cạnh đó Tiki còn cung cấp nhiều tiện ích như: giao hàng hỏa tốc 2h, mua trước trả sau, đa dạng phương thức thanh toán, tích điểm đổi quà, voucher giảm giá… Nhanh tay shopping cùng Tiki để trải nghiệm không gian mua sắm online tuyệt vời nhất. </span></p><p>Giá sản phẩm trên Tiki đã bao gồm thuế theo luật hiện hành. Bên cạnh đó, tuỳ vào loại sản phẩm, hình thức và địa chỉ giao hàng mà có thể phát sinh thêm chi phí khác như phí vận chuyển, phụ phí hàng cồng kềnh, thuế nhập khẩu (đối với đơn hàng giao từ nước ngoài có giá trị trên 1 triệu đồng).....</p>","Da dầu ngứa vì gàu, nấm làm bạn khó chịu và mất tự tin? vậy thì  chính là lựa chọn hoàn hảo cho bạn đấy. Đây là dòng sản phẩm trị gàu, nấm hiệu quả được nhiều khách hàng tin dùng. Selsun không chỉ là ...",4.8,143967,"{
  ""brand"": {
    ""slug"": ""selsun"",
    ""name"": ""Selsun"",
    ""id"": ""112885""
  }
}",3.46927E+12,-1501,1501
1,133696713,Dầu Đậu Nành Simply 1L/2L/5L,65000,"{
  ""images"": [{
    ""thumbnail_url"": ""https://salt.tikicdn.com/cache/200x280/media/catalog/producttmp/0a/0a/f9/3a6edb019e8eae77bc669c392e2b375f.jpg"",
    ""medium_url"": ""https://salt.tikicdn.com/cache/w300/media/catalog/producttmp/0a/0a/f9/3a6edb019e8eae77bc669c392e2b375f.jpg"",
    ""large_url"": ""https://salt.tikicdn.com/cache/w1200/media/catalog/producttmp/0a/0a/f9/3a6edb019e8eae77bc669c392e2b375f.jpg"",
    ""label"": null,
    ""position"": null,
    ""is_gallery"": ""true"",
    ""small_url"": ""https://salt.tikicdn.com/cache/200x280/media/catalog/producttmp/0a/0a/f9/3a6edb019e8eae77bc669c392e2b375f.jpg"",
    ""base_url"": ""https://salt.tikicdn.com/media/catalog/producttmp/0a/0a/f9/3a6edb019e8eae77bc669c392e2b375f.jpg""
  }]
}","{
  ""warranty_info"": [{
    ""value"": ""Xem chi tiết"",
    ""url"": ""https://hotro.tiki.vn/s/article/chinh-sach-bao-hanh-tai-tiki-nhu-the-nao"",
    ""name"": ""Hướng dẫn bảo hành""
  }]
}","{
  ""categories"": {
    ""is_leaf"": ""true"",
    ""name"": ""Các loại dầu khác"",
    ""id"": ""8286""
  }
}","<p><span style=""color:#008ab7;font-size:medium;""><strong>Dầu Đậu Nành Simply (1L / Chai)</strong></span></p>
<p><strong>Dầu Đậu Nành Simply (1L / Chai)</strong> là nguồn cung cấp chất béo không có cholesterol lý tưởng, đảm bảo an toàn cho sức khỏe của bạn. Dầu đậu nành cũng giúp bổ sung Omega 3, 6 , 9 có lợi cho sức khỏe. Sản phẩm có màu sáng trong và mùi vị dịu nhẹ, có thể dùng để chế biến nhiều món ăn bổ dưỡng.</p>
<p><strong>Thông tin sản phẩm</strong></p>
<p><strong>Thành phần thiên nhiên</strong></p>
<p>Dầu Đậu Nành Simply lựa chọn những hạt đậu nành tốt nhất có nguồn gốc từ vùng đất châu Mỹ, trải qua quá trình tinh chế bằng công nghệ hiện đại giúp giữ nguyên dưỡng chất có trong đậu nành. Sản phẩm đem đến nhiều lợi ích giúp bạn có một trái tim khỏe mạnh.</p>
<p><strong>Bổ sung nhiều dưỡng chất</strong></p>
<p>Dầu đậu nành là nguồn cung cấp chất béo không chứa cholesterol lý tưởng. Lượng chất béo tốt (chất béo không bão hòa đơn và chất béo không bão hòa đa) trong dầu đậu nành có khả năng làm giảm lượng cholesterol xấu cũng như tăng lượng cholesterol tốt nên đặc biệt hiệu quả trong việc ổn định cholesterol trong máu, đồng thời vẫn đảm bảo cung cấp đủ lượng chất béo không bão hòa cần thiết cho cơ thể. Ngoài ra, dầu đậu nành cũng giúp bổ sung Omega 3, 6, 9 có lợi cho sức khỏe và sự phát triển của não bộ, ngoài ra còn có khả năng giảm lượng cholesterol, đẩy lùi bệnh tim mạch.</p>
<p><strong>Chai 1 lít tiện dụng</strong></p>
<p>Sản phẩm đóng chai 1 lít, dùng trong gia đình nhỏ hoặc những bạn sống một mình, ít nấu nướng.</p>
<p><strong>Công dụng</strong></p>
<p>- Dầu đậu nành Simply có màu sáng trong và mùi nhẹ thích hợp để chế biến nhiều món ăn: chiên, xào, trộn salad và làm nước xốt.</p>
<p><strong>Bảo quản</strong></p>
<p>- Để nơi khô ráo và thoáng mát.</p>
<p>- Tránh ánh nắng mặt trời.</p><p>Giá sản phẩm trên Tiki đã bao gồm thuế theo luật hiện hành. Bên cạnh đó, tuỳ vào loại sản phẩm, hình thức và địa chỉ giao hàng mà có thể phát sinh thêm chi phí khác như phí vận chuyển, phụ phí hàng cồng kềnh, thuế nhập khẩu (đối với đơn hàng giao từ nước ngoài có giá trị trên 1 triệu đồng).....</p>","Dầu Đậu Nành Simply (1L / Chai)Dầu Đậu Nành Simply (1L / Chai) là nguồn cung cấp chất béo không có cholesterol lý tưởng, đảm bảo an toàn cho sức khỏe của bạn. Dầu đậu nành cũng giúp bổ sung Omega 3, ...",5.0,127412,"{
  ""brand"": {
    ""slug"": ""simply"",
    ""name"": ""Simply"",
    ""id"": ""48257""
  }
}",6.52001E+12,-1500,1500
1,10240037,Thùng 48 Hộp Sữa Nestlé MILO Nước (180ml / Hộp),359000,"{
  ""images"": [{
    ""thumbnail_url"": ""https://salt.tikicdn.com/cache/200x280/ts/product/ed/31/26/14aec2d0b1c3ff851b1108b982408acd.png"",
    ""medium_url"": ""https://salt.tikicdn.com/cache/w300/ts/product/ed/31/26/14aec2d0b1c3ff851b1108b982408acd.png"",
    ""large_url"": ""https://salt.tikicdn.com/cache/w1200/ts/product/ed/31/26/14aec2d0b1c3ff851b1108b982408acd.png"",
    ""label"": null,
    ""position"": null,
    ""is_gallery"": ""true"",
    ""small_url"": ""https://salt.tikicdn.com/cache/200x280/ts/product/ed/31/26/14aec2d0b1c3ff851b1108b982408acd.png"",
    ""base_url"": ""https://salt.tikicdn.com/ts/product/ed/31/26/14aec2d0b1c3ff851b1108b982408acd.png""
  }, {
    ""thumbnail_url"": ""https://salt.tikicdn.com/cache/200x280/ts/product/22/d4/c6/853d94fc3e5f24ccfdf531409fbb779b.jpg"",
    ""medium_url"": ""https://salt.tikicdn.com/cache/w300/ts/product/22/d4/c6/853d94fc3e5f24ccfdf531409fbb779b.jpg"",
    ""large_url"": ""https://salt.tikicdn.com/cache/w1200/ts/product/22/d4/c6/853d94fc3e5f24ccfdf531409fbb779b.jpg"",
    ""label"": null,
    ""position"": null,
    ""is_gallery"": ""true"",
    ""small_url"": ""https://salt.tikicdn.com/cache/200x280/ts/product/22/d4/c6/853d94fc3e5f24ccfdf531409fbb779b.jpg"",
    ""base_url"": ""https://salt.tikicdn.com/ts/product/22/d4/c6/853d94fc3e5f24ccfdf531409fbb779b.jpg""
  }, {
    ""thumbnail_url"": ""https://salt.tikicdn.com/cache/200x280/ts/product/63/c0/47/1d9910b2bdcc018e96f371faf50ef5cb.jpg"",
    ""medium_url"": ""https://salt.tikicdn.com/cache/w300/ts/product/63/c0/47/1d9910b2bdcc018e96f371faf50ef5cb.jpg"",
    ""large_url"": ""https://salt.tikicdn.com/cache/w1200/ts/product/63/c0/47/1d9910b2bdcc018e96f371faf50ef5cb.jpg"",
    ""label"": null,
    ""position"": null,
    ""is_gallery"": ""true"",
    ""small_url"": ""https://salt.tikicdn.com/cache/200x280/ts/product/63/c0/47/1d9910b2bdcc018e96f371faf50ef5cb.jpg"",
    ""base_url"": ""https://salt.tikicdn.com/ts/product/63/c0/47/1d9910b2bdcc018e96f371faf50ef5cb.jpg""
  }, {
    ""thumbnail_url"": ""https://salt.tikicdn.com/cache/200x280/ts/product/98/80/0c/cee9567653873395dfa20db7d953c2aa.jpg"",
    ""medium_url"": ""https://salt.tikicdn.com/cache/w300/ts/product/98/80/0c/cee9567653873395dfa20db7d953c2aa.jpg"",
    ""large_url"": ""https://salt.tikicdn.com/cache/w1200/ts/product/98/80/0c/cee9567653873395dfa20db7d953c2aa.jpg"",
    ""label"": null,
    ""position"": null,
    ""is_gallery"": ""true"",
    ""small_url"": ""https://salt.tikicdn.com/cache/200x280/ts/product/98/80/0c/cee9567653873395dfa20db7d953c2aa.jpg"",
    ""base_url"": ""https://salt.tikicdn.com/ts/product/98/80/0c/cee9567653873395dfa20db7d953c2aa.jpg""
  }, {
    ""thumbnail_url"": ""https://salt.tikicdn.com/cache/200x280/ts/product/65/e8/12/30965fe53a25e92161e7f2a49a22d0a7.jpg"",
    ""medium_url"": ""https://salt.tikicdn.com/cache/w300/ts/product/65/e8/12/30965fe53a25e92161e7f2a49a22d0a7.jpg"",
    ""large_url"": ""https://salt.tikicdn.com/cache/w1200/ts/product/65/e8/12/30965fe53a25e92161e7f2a49a22d0a7.jpg"",
    ""label"": null,
    ""position"": null,
    ""is_gallery"": ""true"",
    ""small_url"": ""https://salt.tikicdn.com/cache/200x280/ts/product/65/e8/12/30965fe53a25e92161e7f2a49a22d0a7.jpg"",
    ""base_url"": ""https://salt.tikicdn.com/ts/product/65/e8/12/30965fe53a25e92161e7f2a49a22d0a7.jpg""
  }, {
    ""thumbnail_url"": ""https://salt.tikicdn.com/cache/200x280/ts/product/99/17/9e/0fe6a8b9069c892f821264dbaccaa0f0.jpg"",
    ""medium_url"": ""https://salt.tikicdn.com/cache/w300/ts/product/99/17/9e/0fe6a8b9069c892f821264dbaccaa0f0.jpg"",
    ""large_url"": ""https://salt.tikicdn.com/cache/w1200/ts/product/99/17/9e/0fe6a8b9069c892f821264dbaccaa0f0.jpg"",
    ""label"": null,
    ""position"": null,
    ""is_gallery"": ""true"",
    ""small_url"": ""https://salt.tikicdn.com/cache/200x280/ts/product/99/17/9e/0fe6a8b9069c892f821264dbaccaa0f0.jpg"",
    ""base_url"": ""https://salt.tikicdn.com/ts/product/99/17/9e/0fe6a8b9069c892f821264dbaccaa0f0.jpg""
  }, {
    ""thumbnail_url"": ""https://salt.tikicdn.com/cache/200x280/ts/product/55/45/98/1ac1a5a992e0964e5813c2e309af2924.jpg"",
    ""medium_url"": ""https://salt.tikicdn.com/cache/w300/ts/product/55/45/98/1ac1a5a992e0964e5813c2e309af2924.jpg"",
    ""large_url"": ""https://salt.tikicdn.com/cache/w1200/ts/product/55/45/98/1ac1a5a992e0964e5813c2e309af2924.jpg"",
    ""label"": null,
    ""position"": null,
    ""is_gallery"": ""true"",
    ""small_url"": ""https://salt.tikicdn.com/cache/200x280/ts/product/55/45/98/1ac1a5a992e0964e5813c2e309af2924.jpg"",
    ""base_url"": ""https://salt.tikicdn.com/ts/product/55/45/98/1ac1a5a992e0964e5813c2e309af2924.jpg""
  }, {
    ""thumbnail_url"": ""https://salt.tikicdn.com/cache/200x280/ts/product/52/f7/4e/b2230274ee2bce1d4648fe537e7d8674.jpg"",
    ""medium_url"": ""https://salt.tikicdn.com/cache/w300/ts/product/52/f7/4e/b2230274ee2bce1d4648fe537e7d8674.jpg"",
    ""large_url"": ""https://salt.tikicdn.com/cache/w1200/ts/product/52/f7/4e/b2230274ee2bce1d4648fe537e7d8674.jpg"",
    ""label"": null,
    ""position"": null,
    ""is_gallery"": ""true"",
    ""small_url"": ""https://salt.tikicdn.com/cache/200x280/ts/product/52/f7/4e/b2230274ee2bce1d4648fe537e7d8674.jpg"",
    ""base_url"": ""https://salt.tikicdn.com/ts/product/52/f7/4e/b2230274ee2bce1d4648fe537e7d8674.jpg""
  }, {
    ""thumbnail_url"": ""https://salt.tikicdn.com/cache/200x280/ts/product/ec/7a/ec/5c8adcb21b187cc9b943d7294a3cdad8.jpg"",
    ""medium_url"": ""https://salt.tikicdn.com/cache/w300/ts/product/ec/7a/ec/5c8adcb21b187cc9b943d7294a3cdad8.jpg"",
    ""large_url"": ""https://salt.tikicdn.com/cache/w1200/ts/product/ec/7a/ec/5c8adcb21b187cc9b943d7294a3cdad8.jpg"",
    ""label"": null,
    ""position"": null,
    ""is_gallery"": ""true"",
    ""small_url"": ""https://salt.tikicdn.com/cache/200x280/ts/product/ec/7a/ec/5c8adcb21b187cc9b943d7294a3cdad8.jpg"",
    ""base_url"": ""https://salt.tikicdn.com/ts/product/ec/7a/ec/5c8adcb21b187cc9b943d7294a3cdad8.jpg""
  }, {
    ""thumbnail_url"": ""https://salt.tikicdn.com/cache/200x280/ts/product/b3/24/59/24534fb9104481460d0174700a566ac4.jpg"",
    ""medium_url"": ""https://salt.tikicdn.com/cache/w300/ts/product/b3/24/59/24534fb9104481460d0174700a566ac4.jpg"",
    ""large_url"": ""https://salt.tikicdn.com/cache/w1200/ts/product/b3/24/59/24534fb9104481460d0174700a566ac4.jpg"",
    ""label"": null,
    ""position"": null,
    ""is_gallery"": ""true"",
    ""small_url"": ""https://salt.tikicdn.com/cache/200x280/ts/product/b3/24/59/24534fb9104481460d0174700a566ac4.jpg"",
    ""base_url"": ""https://salt.tikicdn.com/ts/product/b3/24/59/24534fb9104481460d0174700a566ac4.jpg""
  }, {
    ""thumbnail_url"": ""https://salt.tikicdn.com/cache/200x280/ts/product/f0/e1/7c/ecd2bb7f64e186454db303621c3ca1c6.jpg"",
    ""medium_url"": ""https://salt.tikicdn.com/cache/w300/ts/product/f0/e1/7c/ecd2bb7f64e186454db303621c3ca1c6.jpg"",
    ""large_url"": ""https://salt.tikicdn.com/cache/w1200/ts/product/f0/e1/7c/ecd2bb7f64e186454db303621c3ca1c6.jpg"",
    ""label"": null,
    ""position"": null,
    ""is_gallery"": ""true"",
    ""small_url"": ""https://salt.tikicdn.com/cache/200x280/ts/product/f0/e1/7c/ecd2bb7f64e186454db303621c3ca1c6.jpg"",
    ""base_url"": ""https://salt.tikicdn.com/ts/product/f0/e1/7c/ecd2bb7f64e186454db303621c3ca1c6.jpg""
  }, {
    ""thumbnail_url"": ""https://salt.tikicdn.com/cache/200x280/ts/product/67/6d/12/7197fcd69a8647632829447f05f9fe42.jpg"",
    ""medium_url"": ""https://salt.tikicdn.com/cache/w300/ts/product/67/6d/12/7197fcd69a8647632829447f05f9fe42.jpg"",
    ""large_url"": ""https://salt.tikicdn.com/cache/w1200/ts/product/67/6d/12/7197fcd69a8647632829447f05f9fe42.jpg"",
    ""label"": null,
    ""position"": null,
    ""is_gallery"": ""true"",
    ""small_url"": ""https://salt.tikicdn.com/cache/200x280/ts/product/67/6d/12/7197fcd69a8647632829447f05f9fe42.jpg"",
    ""base_url"": ""https://salt.tikicdn.com/ts/product/67/6d/12/7197fcd69a8647632829447f05f9fe42.jpg""
  }, {
    ""thumbnail_url"": ""https://salt.tikicdn.com/cache/200x280/ts/product/1c/04/5e/c83a756876d38a40bdcb59bacd2ae77f.jpg"",
    ""medium_url"": ""https://salt.tikicdn.com/cache/w300/ts/product/1c/04/5e/c83a756876d38a40bdcb59bacd2ae77f.jpg"",
    ""large_url"": ""https://salt.tikicdn.com/cache/w1200/ts/product/1c/04/5e/c83a756876d38a40bdcb59bacd2ae77f.jpg"",
    ""label"": null,
    ""position"": null,
    ""is_gallery"": ""true"",
    ""small_url"": ""https://salt.tikicdn.com/cache/200x280/ts/product/1c/04/5e/c83a756876d38a40bdcb59bacd2ae77f.jpg"",
    ""base_url"": ""https://salt.tikicdn.com/ts/product/1c/04/5e/c83a756876d38a40bdcb59bacd2ae77f.jpg""
  }, {
    ""thumbnail_url"": ""https://salt.tikicdn.com/cache/200x280/ts/product/f5/2f/61/820150a2ff6ba0df1d5bfaa2103686f9.jpg"",
    ""medium_url"": ""https://salt.tikicdn.com/cache/w300/ts/product/f5/2f/61/820150a2ff6ba0df1d5bfaa2103686f9.jpg"",
    ""large_url"": ""https://salt.tikicdn.com/cache/w1200/ts/product/f5/2f/61/820150a2ff6ba0df1d5bfaa2103686f9.jpg"",
    ""label"": null,
    ""position"": null,
    ""is_gallery"": ""true"",
    ""small_url"": ""https://salt.tikicdn.com/cache/200x280/ts/product/f5/2f/61/820150a2ff6ba0df1d5bfaa2103686f9.jpg"",
    ""base_url"": ""https://salt.tikicdn.com/ts/product/f5/2f/61/820150a2ff6ba0df1d5bfaa2103686f9.jpg""
  }, {
    ""thumbnail_url"": ""https://salt.tikicdn.com/cache/200x280/ts/product/de/da/71/59880427a4659089e5b5a45fc4163f38.jpg"",
    ""medium_url"": ""https://salt.tikicdn.com/cache/w300/ts/product/de/da/71/59880427a4659089e5b5a45fc4163f38.jpg"",
    ""large_url"": ""https://salt.tikicdn.com/cache/w1200/ts/product/de/da/71/59880427a4659089e5b5a45fc4163f38.jpg"",
    ""label"": null,
    ""position"": null,
    ""is_gallery"": ""true"",
    ""small_url"": ""https://salt.tikicdn.com/cache/200x280/ts/product/de/da/71/59880427a4659089e5b5a45fc4163f38.jpg"",
    ""base_url"": ""https://salt.tikicdn.com/ts/product/de/da/71/59880427a4659089e5b5a45fc4163f38.jpg""
  }, {
    ""thumbnail_url"": ""https://salt.tikicdn.com/cache/200x280/ts/product/f0/e3/6d/14bd7f6133df4f19bf1683538d3154b1.jpg"",
    ""medium_url"": ""https://salt.tikicdn.com/cache/w300/ts/product/f0/e3/6d/14bd7f6133df4f19bf1683538d3154b1.jpg"",
    ""large_url"": ""https://salt.tikicdn.com/cache/w1200/ts/product/f0/e3/6d/14bd7f6133df4f19bf1683538d3154b1.jpg"",
    ""label"": null,
    ""position"": null,
    ""is_gallery"": ""true"",
    ""small_url"": ""https://salt.tikicdn.com/cache/200x280/ts/product/f0/e3/6d/14bd7f6133df4f19bf1683538d3154b1.jpg"",
    ""base_url"": ""https://salt.tikicdn.com/ts/product/f0/e3/6d/14bd7f6133df4f19bf1683538d3154b1.jpg""
  }, {
    ""thumbnail_url"": ""https://salt.tikicdn.com/cache/200x280/ts/product/ed/02/41/4952f6ee5d8bee2cc7f9a4611c7199ac.jpg"",
    ""medium_url"": ""https://salt.tikicdn.com/cache/w300/ts/product/ed/02/41/4952f6ee5d8bee2cc7f9a4611c7199ac.jpg"",
    ""large_url"": ""https://salt.tikicdn.com/cache/w1200/ts/product/ed/02/41/4952f6ee5d8bee2cc7f9a4611c7199ac.jpg"",
    ""label"": null,
    ""position"": null,
    ""is_gallery"": ""true"",
    ""small_url"": ""https://salt.tikicdn.com/cache/200x280/ts/product/ed/02/41/4952f6ee5d8bee2cc7f9a4611c7199ac.jpg"",
    ""base_url"": ""https://salt.tikicdn.com/ts/product/ed/02/41/4952f6ee5d8bee2cc7f9a4611c7199ac.jpg""
  }, {
    ""thumbnail_url"": ""https://salt.tikicdn.com/cache/200x280/ts/product/38/a2/3d/83e5cf7361756ce54f6c96c6236e2c4e.jpg"",
    ""medium_url"": ""https://salt.tikicdn.com/cache/w300/ts/product/38/a2/3d/83e5cf7361756ce54f6c96c6236e2c4e.jpg"",
    ""large_url"": ""https://salt.tikicdn.com/cache/w1200/ts/product/38/a2/3d/83e5cf7361756ce54f6c96c6236e2c4e.jpg"",
    ""label"": null,
    ""position"": null,
    ""is_gallery"": ""true"",
    ""small_url"": ""https://salt.tikicdn.com/cache/200x280/ts/product/38/a2/3d/83e5cf7361756ce54f6c96c6236e2c4e.jpg"",
    ""base_url"": ""https://salt.tikicdn.com/ts/product/38/a2/3d/83e5cf7361756ce54f6c96c6236e2c4e.jpg""
  }, {
    ""thumbnail_url"": ""https://salt.tikicdn.com/cache/200x280/ts/product/53/4e/2a/9ca7ea0ad8725b9b4d516d722a0d6944.jpg"",
    ""medium_url"": ""https://salt.tikicdn.com/cache/w300/ts/product/53/4e/2a/9ca7ea0ad8725b9b4d516d722a0d6944.jpg"",
    ""large_url"": ""https://salt.tikicdn.com/cache/w1200/ts/product/53/4e/2a/9ca7ea0ad8725b9b4d516d722a0d6944.jpg"",
    ""label"": null,
    ""position"": null,
    ""is_gallery"": ""true"",
    ""small_url"": ""https://salt.tikicdn.com/cache/200x280/ts/product/53/4e/2a/9ca7ea0ad8725b9b4d516d722a0d6944.jpg"",
    ""base_url"": ""https://salt.tikicdn.com/ts/product/53/4e/2a/9ca7ea0ad8725b9b4d516d722a0d6944.jpg""
  }, {
    ""thumbnail_url"": ""https://salt.tikicdn.com/cache/200x280/ts/product/a6/48/b3/f0080c12cffd20335998a1b345b33966.jpg"",
    ""medium_url"": ""https://salt.tikicdn.com/cache/w300/ts/product/a6/48/b3/f0080c12cffd20335998a1b345b33966.jpg"",
    ""large_url"": ""https://salt.tikicdn.com/cache/w1200/ts/product/a6/48/b3/f0080c12cffd20335998a1b345b33966.jpg"",
    ""label"": null,
    ""position"": null,
    ""is_gallery"": ""true"",
    ""small_url"": ""https://salt.tikicdn.com/cache/200x280/ts/product/a6/48/b3/f0080c12cffd20335998a1b345b33966.jpg"",
    ""base_url"": ""https://salt.tikicdn.com/ts/product/a6/48/b3/f0080c12cffd20335998a1b345b33966.jpg""
  }, {
    ""thumbnail_url"": ""https://salt.tikicdn.com/cache/200x280/ts/product/79/51/20/82318b917e8964d3969f60a89947a913.jpg"",
    ""medium_url"": ""https://salt.tikicdn.com/cache/w300/ts/product/79/51/20/82318b917e8964d3969f60a89947a913.jpg"",
    ""large_url"": ""https://salt.tikicdn.com/cache/w1200/ts/product/79/51/20/82318b917e8964d3969f60a89947a913.jpg"",
    ""label"": null,
    ""position"": null,
    ""is_gallery"": ""true"",
    ""small_url"": ""https://salt.tikicdn.com/cache/200x280/ts/product/79/51/20/82318b917e8964d3969f60a89947a913.jpg"",
    ""base_url"": ""https://salt.tikicdn.com/ts/product/79/51/20/82318b917e8964d3969f60a89947a913.jpg""
  }, {
    ""thumbnail_url"": ""https://salt.tikicdn.com/cache/200x280/ts/product/ff/e4/4c/49db1302cbcf67a43b695634d2056a9e.jpg"",
    ""medium_url"": ""https://salt.tikicdn.com/cache/w300/ts/product/ff/e4/4c/49db1302cbcf67a43b695634d2056a9e.jpg"",
    ""large_url"": ""https://salt.tikicdn.com/cache/w1200/ts/product/ff/e4/4c/49db1302cbcf67a43b695634d2056a9e.jpg"",
    ""label"": null,
    ""position"": null,
    ""is_gallery"": ""true"",
    ""small_url"": ""https://salt.tikicdn.com/cache/200x280/ts/product/ff/e4/4c/49db1302cbcf67a43b695634d2056a9e.jpg"",
    ""base_url"": ""https://salt.tikicdn.com/ts/product/ff/e4/4c/49db1302cbcf67a43b695634d2056a9e.jpg""
  }, {
    ""thumbnail_url"": ""https://salt.tikicdn.com/cache/200x280/ts/product/18/54/19/6fc4e57470ab82794476fa6d2d378861.jpg"",
    ""medium_url"": ""https://salt.tikicdn.com/cache/w300/ts/product/18/54/19/6fc4e57470ab82794476fa6d2d378861.jpg"",
    ""large_url"": ""https://salt.tikicdn.com/cache/w1200/ts/product/18/54/19/6fc4e57470ab82794476fa6d2d378861.jpg"",
    ""label"": null,
    ""position"": null,
    ""is_gallery"": ""true"",
    ""small_url"": ""https://salt.tikicdn.com/cache/200x280/ts/product/18/54/19/6fc4e57470ab82794476fa6d2d378861.jpg"",
    ""base_url"": ""https://salt.tikicdn.com/ts/product/18/54/19/6fc4e57470ab82794476fa6d2d378861.jpg""
  }, {
    ""thumbnail_url"": ""https://salt.tikicdn.com/cache/200x280/ts/product/9b/97/c0/43f410415acc6a836fde38ca97e4889f.jpg"",
    ""medium_url"": ""https://salt.tikicdn.com/cache/w300/ts/product/9b/97/c0/43f410415acc6a836fde38ca97e4889f.jpg"",
    ""large_url"": ""https://salt.tikicdn.com/cache/w1200/ts/product/9b/97/c0/43f410415acc6a836fde38ca97e4889f.jpg"",
    ""label"": null,
    ""position"": null,
    ""is_gallery"": ""true"",
    ""small_url"": ""https://salt.tikicdn.com/cache/200x280/ts/product/9b/97/c0/43f410415acc6a836fde38ca97e4889f.jpg"",
    ""base_url"": ""https://salt.tikicdn.com/ts/product/9b/97/c0/43f410415acc6a836fde38ca97e4889f.jpg""
  }, {
    ""thumbnail_url"": ""https://salt.tikicdn.com/cache/200x280/ts/product/18/34/91/1711a71c8bf31c2232d34bf3edc171b0.jpg"",
    ""medium_url"": ""https://salt.tikicdn.com/cache/w300/ts/product/18/34/91/1711a71c8bf31c2232d34bf3edc171b0.jpg"",
    ""large_url"": ""https://salt.tikicdn.com/cache/w1200/ts/product/18/34/91/1711a71c8bf31c2232d34bf3edc171b0.jpg"",
    ""label"": null,
    ""position"": null,
    ""is_gallery"": ""true"",
    ""small_url"": ""https://salt.tikicdn.com/cache/200x280/ts/product/18/34/91/1711a71c8bf31c2232d34bf3edc171b0.jpg"",
    ""base_url"": ""https://salt.tikicdn.com/ts/product/18/34/91/1711a71c8bf31c2232d34bf3edc171b0.jpg""
  }, {
    ""thumbnail_url"": ""https://salt.tikicdn.com/cache/200x280/ts/product/fb/f1/da/6f50240b4217f2752d11860c418c7d56.jpg"",
    ""medium_url"": ""https://salt.tikicdn.com/cache/w300/ts/product/fb/f1/da/6f50240b4217f2752d11860c418c7d56.jpg"",
    ""large_url"": ""https://salt.tikicdn.com/cache/w1200/ts/product/fb/f1/da/6f50240b4217f2752d11860c418c7d56.jpg"",
    ""label"": null,
    ""position"": null,
    ""is_gallery"": ""true"",
    ""small_url"": ""https://salt.tikicdn.com/cache/200x280/ts/product/fb/f1/da/6f50240b4217f2752d11860c418c7d56.jpg"",
    ""base_url"": ""https://salt.tikicdn.com/ts/product/fb/f1/da/6f50240b4217f2752d11860c418c7d56.jpg""
  }, {
    ""thumbnail_url"": ""https://salt.tikicdn.com/cache/200x280/ts/product/de/82/88/2fd465750cbd87ccc36e05f16430429c.jpg"",
    ""medium_url"": ""https://salt.tikicdn.com/cache/w300/ts/product/de/82/88/2fd465750cbd87ccc36e05f16430429c.jpg"",
    ""large_url"": ""https://salt.tikicdn.com/cache/w1200/ts/product/de/82/88/2fd465750cbd87ccc36e05f16430429c.jpg"",
    ""label"": null,
    ""position"": null,
    ""is_gallery"": ""true"",
    ""small_url"": ""https://salt.tikicdn.com/cache/200x280/ts/product/de/82/88/2fd465750cbd87ccc36e05f16430429c.jpg"",
    ""base_url"": ""https://salt.tikicdn.com/ts/product/de/82/88/2fd465750cbd87ccc36e05f16430429c.jpg""
  }, {
    ""thumbnail_url"": ""https://salt.tikicdn.com/cache/200x280/ts/product/bd/4a/f8/81258e8ab5eead955fff60f1b2a3de2b.jpg"",
    ""medium_url"": ""https://salt.tikicdn.com/cache/w300/ts/product/bd/4a/f8/81258e8ab5eead955fff60f1b2a3de2b.jpg"",
    ""large_url"": ""https://salt.tikicdn.com/cache/w1200/ts/product/bd/4a/f8/81258e8ab5eead955fff60f1b2a3de2b.jpg"",
    ""label"": null,
    ""position"": null,
    ""is_gallery"": ""true"",
    ""small_url"": ""https://salt.tikicdn.com/cache/200x280/ts/product/bd/4a/f8/81258e8ab5eead955fff60f1b2a3de2b.jpg"",
    ""base_url"": ""https://salt.tikicdn.com/ts/product/bd/4a/f8/81258e8ab5eead955fff60f1b2a3de2b.jpg""
  }, {
    ""thumbnail_url"": ""https://salt.tikicdn.com/cache/200x280/ts/product/57/4f/c7/e539d80d199d4c232c52349f683e4cf7.jpg"",
    ""medium_url"": ""https://salt.tikicdn.com/cache/w300/ts/product/57/4f/c7/e539d80d199d4c232c52349f683e4cf7.jpg"",
    ""large_url"": ""https://salt.tikicdn.com/cache/w1200/ts/product/57/4f/c7/e539d80d199d4c232c52349f683e4cf7.jpg"",
    ""label"": null,
    ""position"": null,
    ""is_gallery"": ""true"",
    ""small_url"": ""https://salt.tikicdn.com/cache/200x280/ts/product/57/4f/c7/e539d80d199d4c232c52349f683e4cf7.jpg"",
    ""base_url"": ""https://salt.tikicdn.com/ts/product/57/4f/c7/e539d80d199d4c232c52349f683e4cf7.jpg""
  }, {
    ""thumbnail_url"": ""https://salt.tikicdn.com/cache/200x280/ts/product/0c/65/dd/798cb89a85056ebf0e8882e70a75dac7.jpg"",
    ""medium_url"": ""https://salt.tikicdn.com/cache/w300/ts/product/0c/65/dd/798cb89a85056ebf0e8882e70a75dac7.jpg"",
    ""large_url"": ""https://salt.tikicdn.com/cache/w1200/ts/product/0c/65/dd/798cb89a85056ebf0e8882e70a75dac7.jpg"",
    ""label"": null,
    ""position"": null,
    ""is_gallery"": ""true"",
    ""small_url"": ""https://salt.tikicdn.com/cache/200x280/ts/product/0c/65/dd/798cb89a85056ebf0e8882e70a75dac7.jpg"",
    ""base_url"": ""https://salt.tikicdn.com/ts/product/0c/65/dd/798cb89a85056ebf0e8882e70a75dac7.jpg""
  }, {
    ""thumbnail_url"": ""https://salt.tikicdn.com/cache/200x280/ts/product/5c/18/a0/e856e3c8358f062bac845d068d54c2f8.jpg"",
    ""medium_url"": ""https://salt.tikicdn.com/cache/w300/ts/product/5c/18/a0/e856e3c8358f062bac845d068d54c2f8.jpg"",
    ""large_url"": ""https://salt.tikicdn.com/cache/w1200/ts/product/5c/18/a0/e856e3c8358f062bac845d068d54c2f8.jpg"",
    ""label"": null,
    ""position"": null,
    ""is_gallery"": ""true"",
    ""small_url"": ""https://salt.tikicdn.com/cache/200x280/ts/product/5c/18/a0/e856e3c8358f062bac845d068d54c2f8.jpg"",
    ""base_url"": ""https://salt.tikicdn.com/ts/product/5c/18/a0/e856e3c8358f062bac845d068d54c2f8.jpg""
  }, {
    ""thumbnail_url"": ""https://salt.tikicdn.com/cache/200x280/ts/product/3f/68/a0/e75696a68bef78568df303a4864a9b2a.png"",
    ""medium_url"": ""https://salt.tikicdn.com/cache/w300/ts/product/3f/68/a0/e75696a68bef78568df303a4864a9b2a.png"",
    ""large_url"": ""https://salt.tikicdn.com/cache/w1200/ts/product/3f/68/a0/e75696a68bef78568df303a4864a9b2a.png"",
    ""label"": null,
    ""position"": null,
    ""is_gallery"": ""true"",
    ""small_url"": ""https://salt.tikicdn.com/cache/200x280/ts/product/3f/68/a0/e75696a68bef78568df303a4864a9b2a.png"",
    ""base_url"": ""https://salt.tikicdn.com/ts/product/3f/68/a0/e75696a68bef78568df303a4864a9b2a.png""
  }, {
    ""thumbnail_url"": ""https://salt.tikicdn.com/cache/200x280/ts/product/f1/3d/dc/599b4ceaf98cb5ed9ee6837af42cde70.png"",
    ""medium_url"": ""https://salt.tikicdn.com/cache/w300/ts/product/f1/3d/dc/599b4ceaf98cb5ed9ee6837af42cde70.png"",
    ""large_url"": ""https://salt.tikicdn.com/cache/w1200/ts/product/f1/3d/dc/599b4ceaf98cb5ed9ee6837af42cde70.png"",
    ""label"": null,
    ""position"": null,
    ""is_gallery"": ""true"",
    ""small_url"": ""https://salt.tikicdn.com/cache/200x280/ts/product/f1/3d/dc/599b4ceaf98cb5ed9ee6837af42cde70.png"",
    ""base_url"": ""https://salt.tikicdn.com/ts/product/f1/3d/dc/599b4ceaf98cb5ed9ee6837af42cde70.png""
  }, {
    ""thumbnail_url"": ""https://salt.tikicdn.com/cache/200x280/ts/product/9d/cd/bb/a90612c943425c1c8209d2d9fccddfd6.png"",
    ""medium_url"": ""https://salt.tikicdn.com/cache/w300/ts/product/9d/cd/bb/a90612c943425c1c8209d2d9fccddfd6.png"",
    ""large_url"": ""https://salt.tikicdn.com/cache/w1200/ts/product/9d/cd/bb/a90612c943425c1c8209d2d9fccddfd6.png"",
    ""label"": null,
    ""position"": null,
    ""is_gallery"": ""true"",
    ""small_url"": ""https://salt.tikicdn.com/cache/200x280/ts/product/9d/cd/bb/a90612c943425c1c8209d2d9fccddfd6.png"",
    ""base_url"": ""https://salt.tikicdn.com/ts/product/9d/cd/bb/a90612c943425c1c8209d2d9fccddfd6.png""
  }, {
    ""thumbnail_url"": ""https://salt.tikicdn.com/cache/200x280/ts/product/f6/3b/27/eaad906315c9b1889526143f44049f7e.png"",
    ""medium_url"": ""https://salt.tikicdn.com/cache/w300/ts/product/f6/3b/27/eaad906315c9b1889526143f44049f7e.png"",
    ""large_url"": ""https://salt.tikicdn.com/cache/w1200/ts/product/f6/3b/27/eaad906315c9b1889526143f44049f7e.png"",
    ""label"": null,
    ""position"": null,
    ""is_gallery"": ""true"",
    ""small_url"": ""https://salt.tikicdn.com/cache/200x280/ts/product/f6/3b/27/eaad906315c9b1889526143f44049f7e.png"",
    ""base_url"": ""https://salt.tikicdn.com/ts/product/f6/3b/27/eaad906315c9b1889526143f44049f7e.png""
  }, {
    ""thumbnail_url"": ""https://salt.tikicdn.com/cache/200x280/ts/product/b9/eb/3d/41f5ba17e63622a3b3b952131cb22b0d.png"",
    ""medium_url"": ""https://salt.tikicdn.com/cache/w300/ts/product/b9/eb/3d/41f5ba17e63622a3b3b952131cb22b0d.png"",
    ""large_url"": ""https://salt.tikicdn.com/cache/w1200/ts/product/b9/eb/3d/41f5ba17e63622a3b3b952131cb22b0d.png"",
    ""label"": null,
    ""position"": null,
    ""is_gallery"": ""true"",
    ""small_url"": ""https://salt.tikicdn.com/cache/200x280/ts/product/b9/eb/3d/41f5ba17e63622a3b3b952131cb22b0d.png"",
    ""base_url"": ""https://salt.tikicdn.com/ts/product/b9/eb/3d/41f5ba17e63622a3b3b952131cb22b0d.png""
  }, {
    ""thumbnail_url"": ""https://salt.tikicdn.com/cache/200x280/ts/product/8d/12/92/dc02930f180daf378377a6e6242285c0.png"",
    ""medium_url"": ""https://salt.tikicdn.com/cache/w300/ts/product/8d/12/92/dc02930f180daf378377a6e6242285c0.png"",
    ""large_url"": ""https://salt.tikicdn.com/cache/w1200/ts/product/8d/12/92/dc02930f180daf378377a6e6242285c0.png"",
    ""label"": null,
    ""position"": null,
    ""is_gallery"": ""true"",
    ""small_url"": ""https://salt.tikicdn.com/cache/200x280/ts/product/8d/12/92/dc02930f180daf378377a6e6242285c0.png"",
    ""base_url"": ""https://salt.tikicdn.com/ts/product/8d/12/92/dc02930f180daf378377a6e6242285c0.png""
  }]
}","{
  ""warranty_info"": []
}","{
  ""categories"": {
    ""is_leaf"": ""true"",
    ""name"": ""Sữa tiệt trùng (UHT)"",
    ""id"": ""53564""
  }
}","<ul><li><strong>Thùng 48 Hộp Sữa Nestlé MILO Nước (180ml / Hộp)</strong> với công thức Protomalt là chiết xuất dinh dưỡng vượt trội từ mầm lúa mạch nguyên cám, sữa, bột ca cao được bổ sung nhiều Vitamin và khoáng chất, cung cấp dưỡng chất cần bằng và đầy đủ giúp trẻ luôn tràn đầy năng lượng và mạnh khỏe, tự tin.</li>
<li>Đặc biệt mầm lúa mạch nguyên cám có trong sản phẩm giúp cung cấp thêm dưỡng chất cân bằng giúp cơ thể luôn tràn đầy năng lượng và khỏe mạnh.</li>
<li>Sự kết hợp hoàn hảo từ hương vị thơm ngon độc đáo của cacao và nguồn dưỡng chất thiên nhiên giàu đạm và các chất dinh dưỡng từ sữa, mầm lúa mạch nguyên cám và các vitamin, khoáng chất.</li>
<li>Hợp chất ACTIV-GO Vươn xa là sự kết hợp độc đáo của Protomalt chiết xuất đặc biệt từ mầm lúa mạch và tổ hợp các vitamin và khoáng chất thiết yếu</li>
<li>Đóng góp vai trò quan trọng trong việc giải phóng năng lượng, tăng cường chức năng cơ và hệ xương, hỗ trợ tích cực cho các hoạt động thể chất và trí tuệ của trẻ.<br /><br /></li>
</ul><p>Giá sản phẩm trên Tiki đã bao gồm thuế theo luật hiện hành. Bên cạnh đó, tuỳ vào loại sản phẩm, hình thức và địa chỉ giao hàng mà có thể phát sinh thêm chi phí khác như phí vận chuyển, phụ phí hàng cồng kềnh, thuế nhập khẩu (đối với đơn hàng giao từ nước ngoài có giá trị trên 1 triệu đồng).....</p>","Thùng 48 Hộp Sữa Nestlé MILO Nước (180ml / Hộp) với công thức Protomalt là chiết xuất dinh dưỡng vượt trội từ mầm lúa mạch nguyên cám, sữa, bột ca cao được bổ sung nhiều Vitamin và khoáng chất, cung c...",4.8,92224,"{
  ""brand"": {
    ""slug"": ""milo"",
    ""name"": ""MILO"",
    ""id"": ""33574""
  }
}",9.79837E+12,-1596,1596
1,435979,Tập Học Sinh Tiki Lan Tỏa Niềm Vui 96 Trang (Lốc 10 Cuốn) - Mẫu Ngẫu Nhiên,66000,"{
  ""images"": [{
    ""thumbnail_url"": ""https://salt.tikicdn.com/cache/200x280/ts/product/67/4e/97/68fe15132f508360ffb7c07f5a9a2c3e.jpg"",
    ""medium_url"": ""https://salt.tikicdn.com/cache/w300/ts/product/67/4e/97/68fe15132f508360ffb7c07f5a9a2c3e.jpg"",
    ""large_url"": ""https://salt.tikicdn.com/cache/w1200/ts/product/67/4e/97/68fe15132f508360ffb7c07f5a9a2c3e.jpg"",
    ""label"": null,
    ""position"": null,
    ""is_gallery"": ""true"",
    ""small_url"": ""https://salt.tikicdn.com/cache/200x280/ts/product/67/4e/97/68fe15132f508360ffb7c07f5a9a2c3e.jpg"",
    ""base_url"": ""https://salt.tikicdn.com/ts/product/67/4e/97/68fe15132f508360ffb7c07f5a9a2c3e.jpg""
  }, {
    ""thumbnail_url"": ""https://salt.tikicdn.com/cache/200x280/ts/product/c5/bc/89/4aef3cafda13b4a06db5e19f34d9fba5.jpg"",
    ""medium_url"": ""https://salt.tikicdn.com/cache/w300/ts/product/c5/bc/89/4aef3cafda13b4a06db5e19f34d9fba5.jpg"",
    ""large_url"": ""https://salt.tikicdn.com/cache/w1200/ts/product/c5/bc/89/4aef3cafda13b4a06db5e19f34d9fba5.jpg"",
    ""label"": null,
    ""position"": null,
    ""is_gallery"": ""true"",
    ""small_url"": ""https://salt.tikicdn.com/cache/200x280/ts/product/c5/bc/89/4aef3cafda13b4a06db5e19f34d9fba5.jpg"",
    ""base_url"": ""https://salt.tikicdn.com/ts/product/c5/bc/89/4aef3cafda13b4a06db5e19f34d9fba5.jpg""
  }, {
    ""thumbnail_url"": ""https://salt.tikicdn.com/cache/200x280/ts/product/63/62/98/b2be24bbca11d197b94817e27aab2c7a.jpg"",
    ""medium_url"": ""https://salt.tikicdn.com/cache/w300/ts/product/63/62/98/b2be24bbca11d197b94817e27aab2c7a.jpg"",
    ""large_url"": ""https://salt.tikicdn.com/cache/w1200/ts/product/63/62/98/b2be24bbca11d197b94817e27aab2c7a.jpg"",
    ""label"": null,
    ""position"": null,
    ""is_gallery"": ""true"",
    ""small_url"": ""https://salt.tikicdn.com/cache/200x280/ts/product/63/62/98/b2be24bbca11d197b94817e27aab2c7a.jpg"",
    ""base_url"": ""https://salt.tikicdn.com/ts/product/63/62/98/b2be24bbca11d197b94817e27aab2c7a.jpg""
  }, {
    ""thumbnail_url"": ""https://salt.tikicdn.com/cache/200x280/ts/product/21/4a/f0/a27ee797106dae06f48cf39072100a03.jpg"",
    ""medium_url"": ""https://salt.tikicdn.com/cache/w300/ts/product/21/4a/f0/a27ee797106dae06f48cf39072100a03.jpg"",
    ""large_url"": ""https://salt.tikicdn.com/cache/w1200/ts/product/21/4a/f0/a27ee797106dae06f48cf39072100a03.jpg"",
    ""label"": null,
    ""position"": null,
    ""is_gallery"": ""true"",
    ""small_url"": ""https://salt.tikicdn.com/cache/200x280/ts/product/21/4a/f0/a27ee797106dae06f48cf39072100a03.jpg"",
    ""base_url"": ""https://salt.tikicdn.com/ts/product/21/4a/f0/a27ee797106dae06f48cf39072100a03.jpg""
  }, {
    ""thumbnail_url"": ""https://salt.tikicdn.com/cache/200x280/ts/product/18/58/c0/b55233dd0f098f6b5e810cc1578eb945.jpg"",
    ""medium_url"": ""https://salt.tikicdn.com/cache/w300/ts/product/18/58/c0/b55233dd0f098f6b5e810cc1578eb945.jpg"",
    ""large_url"": ""https://salt.tikicdn.com/cache/w1200/ts/product/18/58/c0/b55233dd0f098f6b5e810cc1578eb945.jpg"",
    ""label"": null,
    ""position"": null,
    ""is_gallery"": ""true"",
    ""small_url"": ""https://salt.tikicdn.com/cache/200x280/ts/product/18/58/c0/b55233dd0f098f6b5e810cc1578eb945.jpg"",
    ""base_url"": ""https://salt.tikicdn.com/ts/product/18/58/c0/b55233dd0f098f6b5e810cc1578eb945.jpg""
  }, {
    ""thumbnail_url"": ""https://salt.tikicdn.com/cache/200x280/ts/product/9e/a3/fb/638169845c4dd2305fda725e7234bab7.jpg"",
    ""medium_url"": ""https://salt.tikicdn.com/cache/w300/ts/product/9e/a3/fb/638169845c4dd2305fda725e7234bab7.jpg"",
    ""large_url"": ""https://salt.tikicdn.com/cache/w1200/ts/product/9e/a3/fb/638169845c4dd2305fda725e7234bab7.jpg"",
    ""label"": null,
    ""position"": null,
    ""is_gallery"": ""true"",
    ""small_url"": ""https://salt.tikicdn.com/cache/200x280/ts/product/9e/a3/fb/638169845c4dd2305fda725e7234bab7.jpg"",
    ""base_url"": ""https://salt.tikicdn.com/ts/product/9e/a3/fb/638169845c4dd2305fda725e7234bab7.jpg""
  }, {
    ""thumbnail_url"": ""https://salt.tikicdn.com/cache/200x280/ts/product/12/61/e4/40d52b8b81d2d2ee0a43d868c7b52c64.jpg"",
    ""medium_url"": ""https://salt.tikicdn.com/cache/w300/ts/product/12/61/e4/40d52b8b81d2d2ee0a43d868c7b52c64.jpg"",
    ""large_url"": ""https://salt.tikicdn.com/cache/w1200/ts/product/12/61/e4/40d52b8b81d2d2ee0a43d868c7b52c64.jpg"",
    ""label"": null,
    ""position"": null,
    ""is_gallery"": ""true"",
    ""small_url"": ""https://salt.tikicdn.com/cache/200x280/ts/product/12/61/e4/40d52b8b81d2d2ee0a43d868c7b52c64.jpg"",
    ""base_url"": ""https://salt.tikicdn.com/ts/product/12/61/e4/40d52b8b81d2d2ee0a43d868c7b52c64.jpg""
  }, {
    ""thumbnail_url"": ""https://salt.tikicdn.com/cache/200x280/ts/product/71/df/d2/714e6339d271d58365e522bd51682bc7.jpg"",
    ""medium_url"": ""https://salt.tikicdn.com/cache/w300/ts/product/71/df/d2/714e6339d271d58365e522bd51682bc7.jpg"",
    ""large_url"": ""https://salt.tikicdn.com/cache/w1200/ts/product/71/df/d2/714e6339d271d58365e522bd51682bc7.jpg"",
    ""label"": null,
    ""position"": null,
    ""is_gallery"": ""true"",
    ""small_url"": ""https://salt.tikicdn.com/cache/200x280/ts/product/71/df/d2/714e6339d271d58365e522bd51682bc7.jpg"",
    ""base_url"": ""https://salt.tikicdn.com/ts/product/71/df/d2/714e6339d271d58365e522bd51682bc7.jpg""
  }, {
    ""thumbnail_url"": ""https://salt.tikicdn.com/cache/200x280/ts/product/56/1e/64/6ffbc22eaec9e2e2b231d37060144964.jpg"",
    ""medium_url"": ""https://salt.tikicdn.com/cache/w300/ts/product/56/1e/64/6ffbc22eaec9e2e2b231d37060144964.jpg"",
    ""large_url"": ""https://salt.tikicdn.com/cache/w1200/ts/product/56/1e/64/6ffbc22eaec9e2e2b231d37060144964.jpg"",
    ""label"": null,
    ""position"": null,
    ""is_gallery"": ""true"",
    ""small_url"": ""https://salt.tikicdn.com/cache/200x280/ts/product/56/1e/64/6ffbc22eaec9e2e2b231d37060144964.jpg"",
    ""base_url"": ""https://salt.tikicdn.com/ts/product/56/1e/64/6ffbc22eaec9e2e2b231d37060144964.jpg""
  }, {
    ""thumbnail_url"": ""https://salt.tikicdn.com/cache/200x280/ts/product/6a/10/42/4d21a4708f511d7a9b6f8708a9902e58.jpg"",
    ""medium_url"": ""https://salt.tikicdn.com/cache/w300/ts/product/6a/10/42/4d21a4708f511d7a9b6f8708a9902e58.jpg"",
    ""large_url"": ""https://salt.tikicdn.com/cache/w1200/ts/product/6a/10/42/4d21a4708f511d7a9b6f8708a9902e58.jpg"",
    ""label"": null,
    ""position"": null,
    ""is_gallery"": ""true"",
    ""small_url"": ""https://salt.tikicdn.com/cache/200x280/ts/product/6a/10/42/4d21a4708f511d7a9b6f8708a9902e58.jpg"",
    ""base_url"": ""https://salt.tikicdn.com/ts/product/6a/10/42/4d21a4708f511d7a9b6f8708a9902e58.jpg""
  }, {
    ""thumbnail_url"": ""https://salt.tikicdn.com/cache/200x280/ts/product/17/1c/90/ea787550f3d52cf7e62ecce58628d2db.jpg"",
    ""medium_url"": ""https://salt.tikicdn.com/cache/w300/ts/product/17/1c/90/ea787550f3d52cf7e62ecce58628d2db.jpg"",
    ""large_url"": ""https://salt.tikicdn.com/cache/w1200/ts/product/17/1c/90/ea787550f3d52cf7e62ecce58628d2db.jpg"",
    ""label"": null,
    ""position"": null,
    ""is_gallery"": ""true"",
    ""small_url"": ""https://salt.tikicdn.com/cache/200x280/ts/product/17/1c/90/ea787550f3d52cf7e62ecce58628d2db.jpg"",
    ""base_url"": ""https://salt.tikicdn.com/ts/product/17/1c/90/ea787550f3d52cf7e62ecce58628d2db.jpg""
  }, {
    ""thumbnail_url"": ""https://salt.tikicdn.com/cache/200x280/ts/product/5c/1c/8f/2446fb1659783b04c5320a295bb1555f.jpg"",
    ""medium_url"": ""https://salt.tikicdn.com/cache/w300/ts/product/5c/1c/8f/2446fb1659783b04c5320a295bb1555f.jpg"",
    ""large_url"": ""https://salt.tikicdn.com/cache/w1200/ts/product/5c/1c/8f/2446fb1659783b04c5320a295bb1555f.jpg"",
    ""label"": null,
    ""position"": null,
    ""is_gallery"": ""true"",
    ""small_url"": ""https://salt.tikicdn.com/cache/200x280/ts/product/5c/1c/8f/2446fb1659783b04c5320a295bb1555f.jpg"",
    ""base_url"": ""https://salt.tikicdn.com/ts/product/5c/1c/8f/2446fb1659783b04c5320a295bb1555f.jpg""
  }, {
    ""thumbnail_url"": ""https://salt.tikicdn.com/cache/200x280/ts/product/72/dc/8d/1cc90cd2013dec95e6fa63b2b07050ed.jpg"",
    ""medium_url"": ""https://salt.tikicdn.com/cache/w300/ts/product/72/dc/8d/1cc90cd2013dec95e6fa63b2b07050ed.jpg"",
    ""large_url"": ""https://salt.tikicdn.com/cache/w1200/ts/product/72/dc/8d/1cc90cd2013dec95e6fa63b2b07050ed.jpg"",
    ""label"": null,
    ""position"": null,
    ""is_gallery"": ""true"",
    ""small_url"": ""https://salt.tikicdn.com/cache/200x280/ts/product/72/dc/8d/1cc90cd2013dec95e6fa63b2b07050ed.jpg"",
    ""base_url"": ""https://salt.tikicdn.com/ts/product/72/dc/8d/1cc90cd2013dec95e6fa63b2b07050ed.jpg""
  }, {
    ""thumbnail_url"": ""https://salt.tikicdn.com/cache/200x280/ts/product/0e/ed/ec/9e4ca766bb38d53a5eba1099c724adfb.jpg"",
    ""medium_url"": ""https://salt.tikicdn.com/cache/w300/ts/product/0e/ed/ec/9e4ca766bb38d53a5eba1099c724adfb.jpg"",
    ""large_url"": ""https://salt.tikicdn.com/cache/w1200/ts/product/0e/ed/ec/9e4ca766bb38d53a5eba1099c724adfb.jpg"",
    ""label"": null,
    ""position"": null,
    ""is_gallery"": ""true"",
    ""small_url"": ""https://salt.tikicdn.com/cache/200x280/ts/product/0e/ed/ec/9e4ca766bb38d53a5eba1099c724adfb.jpg"",
    ""base_url"": ""https://salt.tikicdn.com/ts/product/0e/ed/ec/9e4ca766bb38d53a5eba1099c724adfb.jpg""
  }, {
    ""thumbnail_url"": ""https://salt.tikicdn.com/cache/200x280/ts/product/ad/7a/a5/09bc5889bce709dc770b9ffd743dd5e6.jpg"",
    ""medium_url"": ""https://salt.tikicdn.com/cache/w300/ts/product/ad/7a/a5/09bc5889bce709dc770b9ffd743dd5e6.jpg"",
    ""large_url"": ""https://salt.tikicdn.com/cache/w1200/ts/product/ad/7a/a5/09bc5889bce709dc770b9ffd743dd5e6.jpg"",
    ""label"": null,
    ""position"": null,
    ""is_gallery"": ""true"",
    ""small_url"": ""https://salt.tikicdn.com/cache/200x280/ts/product/ad/7a/a5/09bc5889bce709dc770b9ffd743dd5e6.jpg"",
    ""base_url"": ""https://salt.tikicdn.com/ts/product/ad/7a/a5/09bc5889bce709dc770b9ffd743dd5e6.jpg""
  }, {
    ""thumbnail_url"": ""https://salt.tikicdn.com/cache/200x280/ts/product/27/6b/0c/d5cdf18e340993a6b61db135948abc67.jpg"",
    ""medium_url"": ""https://salt.tikicdn.com/cache/w300/ts/product/27/6b/0c/d5cdf18e340993a6b61db135948abc67.jpg"",
    ""large_url"": ""https://salt.tikicdn.com/cache/w1200/ts/product/27/6b/0c/d5cdf18e340993a6b61db135948abc67.jpg"",
    ""label"": null,
    ""position"": null,
    ""is_gallery"": ""true"",
    ""small_url"": ""https://salt.tikicdn.com/cache/200x280/ts/product/27/6b/0c/d5cdf18e340993a6b61db135948abc67.jpg"",
    ""base_url"": ""https://salt.tikicdn.com/ts/product/27/6b/0c/d5cdf18e340993a6b61db135948abc67.jpg""
  }]
}","{
  ""warranty_info"": []
}","{
  ""categories"": {
    ""is_leaf"": ""true"",
    ""name"": ""CHƯƠNG TRÌNH KHUYẾN MẠI KHÁC"",
    ""id"": ""1343""
  }
}","<p><span style=""font-size: medium; color: #008ab7;""><strong>Tập Học Sinh Tiki Lan Tỏa Niềm Vui 96 Trang (Lốc 10 Cuốn) - Mẫu Ngẫu Nhiên</strong></span></p>
<p><strong>Tập Học Sinh Tiki Lan Tỏa Niềm Vui 96 Trang (Lốc 10 Cuốn)</strong> sẽ là sự lựa chọn lý tưởng dành cho các em học sinh trong năm học mới. Tập 96 trang, được làm từ chất liệu giấy Ford trắng đẹp và mịn, giấy có độ trắng tự nhiên, không lóa mắt khi viết, giấy viết không lem. Lốc 10 cuốn  với những hình ảnh về các vùng đất Việt Nam thân yêu sẽ tạo cho các em niềm vui học tập mỗi ngày.</p>
<p><strong>Thông tin sản phẩm</strong></p>
<p><strong>Chất giấy cao cấp</strong></p>
<p>Tập Học Sinh Tiki Lan Tỏa Niềm Vui (Lốc 10 cuốn) được làm từ loại giấy Ford cao cấp với độ trắng đạt 92% ISO, ăn mực tốt với hầu hết các loại bút. Tập học sinh 4 ô ly ngang, to, rõ ràng giúp các em viết chữ dễ dàng hơn.</p>
<p><strong>Tập được đóng chắc chắn</strong></p>
<p>Bìa tập dày, chắc chắn cho hiệu quả bảo quản bền lâu. Gáy tập được đóng chắc chắn với loại ghim tốt nhất. Bạn sẽ có một cuốn tập thật đáng yêu và chất lượng</p>
<p><strong>Lốc 10 cuốn tiện dụng</strong></p>
<p>Lốc Tập Học Sinh Tiki Lan Tỏa Niềm Vui gồm 10 cuốn với hình ảnh đáng yêu, ngộ nghĩnh về 10 vùng miền khác nhau trên đất nước Việt Nam sẽ tạo thêm niềm vui đến trường mỗi ngày cho các em nhỏ.</p>
<p>Tập Học Sinh Tiki Lan Tỏa Niềm Vui - Hải Phòng</p>
<p>Tập Học Sinh Tiki Lan Tỏa Niềm Vui - Biên Hòa</p>
<p>Tập Học Sinh Tiki Lan Tỏa Niềm Vui - Cần Thơ</p>
<p>Tập Học Sinh Tiki Lan Tỏa Niềm Vui - Tây Nguyên</p>
<p>Tập Học Sinh Tiki Lan Tỏa Niềm Vui - Hoàng Sa Và Trường Sa</p>
<p>Tập Học Sinh Tiki Lan Tỏa Niềm Vui - Tây Bắc</p>
<p>Tập Học Sinh Tiki Lan Tỏa Niềm Vui - Đà Nẵng</p>
<p>Tập Học Sinh Tiki Lan Tỏa Niềm Vui - Huế</p>
<p>Tập Học Sinh Tiki Lan Tỏa Niềm Vui - Nha Trang</p>
<p>Tập Học Sinh Tiki Lan Tỏa Niềm Vui - Cà Mau</p>
<p> </p><p>Giá sản phẩm trên Tiki đã bao gồm thuế theo luật hiện hành. Bên cạnh đó, tuỳ vào loại sản phẩm, hình thức và địa chỉ giao hàng mà có thể phát sinh thêm chi phí khác như phí vận chuyển, phụ phí hàng cồng kềnh, thuế nhập khẩu (đối với đơn hàng giao từ nước ngoài có giá trị trên 1 triệu đồng).....</p>",Tập Học Sinh Tiki Lan Tỏa Niềm Vui 96 Trang (Lốc 10 Cuốn) - Mẫu Ngẫu NhiênTập Học Sinh Tiki Lan Tỏa Niềm Vui 96 Trang (Lốc 10 Cuốn) sẽ là sự lựa chọn lý tưởng dành cho các em học sinh trong năm học m...,4.6,78383,"{
  ""brand"": null
}",2.24997E+12,-708,708
1,435979,Tập Học Sinh Tiki Lan Tỏa Niềm Vui 96 Trang (Lốc 10 Cuốn) - Mẫu Ngẫu Nhiên,65100,"{
  ""images"": [{
    ""thumbnail_url"": ""https://salt.tikicdn.com/cache/200x280/ts/product/67/4e/97/68fe15132f508360ffb7c07f5a9a2c3e.jpg"",
    ""medium_url"": ""https://salt.tikicdn.com/cache/w300/ts/product/67/4e/97/68fe15132f508360ffb7c07f5a9a2c3e.jpg"",
    ""large_url"": ""https://salt.tikicdn.com/cache/w1200/ts/product/67/4e/97/68fe15132f508360ffb7c07f5a9a2c3e.jpg"",
    ""label"": null,
    ""position"": null,
    ""is_gallery"": ""true"",
    ""small_url"": ""https://salt.tikicdn.com/cache/200x280/ts/product/67/4e/97/68fe15132f508360ffb7c07f5a9a2c3e.jpg"",
    ""base_url"": ""https://salt.tikicdn.com/ts/product/67/4e/97/68fe15132f508360ffb7c07f5a9a2c3e.jpg""
  }, {
    ""thumbnail_url"": ""https://salt.tikicdn.com/cache/200x280/ts/product/c5/bc/89/4aef3cafda13b4a06db5e19f34d9fba5.jpg"",
    ""medium_url"": ""https://salt.tikicdn.com/cache/w300/ts/product/c5/bc/89/4aef3cafda13b4a06db5e19f34d9fba5.jpg"",
    ""large_url"": ""https://salt.tikicdn.com/cache/w1200/ts/product/c5/bc/89/4aef3cafda13b4a06db5e19f34d9fba5.jpg"",
    ""label"": null,
    ""position"": null,
    ""is_gallery"": ""true"",
    ""small_url"": ""https://salt.tikicdn.com/cache/200x280/ts/product/c5/bc/89/4aef3cafda13b4a06db5e19f34d9fba5.jpg"",
    ""base_url"": ""https://salt.tikicdn.com/ts/product/c5/bc/89/4aef3cafda13b4a06db5e19f34d9fba5.jpg""
  }, {
    ""thumbnail_url"": ""https://salt.tikicdn.com/cache/200x280/ts/product/63/62/98/b2be24bbca11d197b94817e27aab2c7a.jpg"",
    ""medium_url"": ""https://salt.tikicdn.com/cache/w300/ts/product/63/62/98/b2be24bbca11d197b94817e27aab2c7a.jpg"",
    ""large_url"": ""https://salt.tikicdn.com/cache/w1200/ts/product/63/62/98/b2be24bbca11d197b94817e27aab2c7a.jpg"",
    ""label"": null,
    ""position"": null,
    ""is_gallery"": ""true"",
    ""small_url"": ""https://salt.tikicdn.com/cache/200x280/ts/product/63/62/98/b2be24bbca11d197b94817e27aab2c7a.jpg"",
    ""base_url"": ""https://salt.tikicdn.com/ts/product/63/62/98/b2be24bbca11d197b94817e27aab2c7a.jpg""
  }, {
    ""thumbnail_url"": ""https://salt.tikicdn.com/cache/200x280/ts/product/21/4a/f0/a27ee797106dae06f48cf39072100a03.jpg"",
    ""medium_url"": ""https://salt.tikicdn.com/cache/w300/ts/product/21/4a/f0/a27ee797106dae06f48cf39072100a03.jpg"",
    ""large_url"": ""https://salt.tikicdn.com/cache/w1200/ts/product/21/4a/f0/a27ee797106dae06f48cf39072100a03.jpg"",
    ""label"": null,
    ""position"": null,
    ""is_gallery"": ""true"",
    ""small_url"": ""https://salt.tikicdn.com/cache/200x280/ts/product/21/4a/f0/a27ee797106dae06f48cf39072100a03.jpg"",
    ""base_url"": ""https://salt.tikicdn.com/ts/product/21/4a/f0/a27ee797106dae06f48cf39072100a03.jpg""
  }, {
    ""thumbnail_url"": ""https://salt.tikicdn.com/cache/200x280/ts/product/18/58/c0/b55233dd0f098f6b5e810cc1578eb945.jpg"",
    ""medium_url"": ""https://salt.tikicdn.com/cache/w300/ts/product/18/58/c0/b55233dd0f098f6b5e810cc1578eb945.jpg"",
    ""large_url"": ""https://salt.tikicdn.com/cache/w1200/ts/product/18/58/c0/b55233dd0f098f6b5e810cc1578eb945.jpg"",
    ""label"": null,
    ""position"": null,
    ""is_gallery"": ""true"",
    ""small_url"": ""https://salt.tikicdn.com/cache/200x280/ts/product/18/58/c0/b55233dd0f098f6b5e810cc1578eb945.jpg"",
    ""base_url"": ""https://salt.tikicdn.com/ts/product/18/58/c0/b55233dd0f098f6b5e810cc1578eb945.jpg""
  }, {
    ""thumbnail_url"": ""https://salt.tikicdn.com/cache/200x280/ts/product/9e/a3/fb/638169845c4dd2305fda725e7234bab7.jpg"",
    ""medium_url"": ""https://salt.tikicdn.com/cache/w300/ts/product/9e/a3/fb/638169845c4dd2305fda725e7234bab7.jpg"",
    ""large_url"": ""https://salt.tikicdn.com/cache/w1200/ts/product/9e/a3/fb/638169845c4dd2305fda725e7234bab7.jpg"",
    ""label"": null,
    ""position"": null,
    ""is_gallery"": ""true"",
    ""small_url"": ""https://salt.tikicdn.com/cache/200x280/ts/product/9e/a3/fb/638169845c4dd2305fda725e7234bab7.jpg"",
    ""base_url"": ""https://salt.tikicdn.com/ts/product/9e/a3/fb/638169845c4dd2305fda725e7234bab7.jpg""
  }, {
    ""thumbnail_url"": ""https://salt.tikicdn.com/cache/200x280/ts/product/12/61/e4/40d52b8b81d2d2ee0a43d868c7b52c64.jpg"",
    ""medium_url"": ""https://salt.tikicdn.com/cache/w300/ts/product/12/61/e4/40d52b8b81d2d2ee0a43d868c7b52c64.jpg"",
    ""large_url"": ""https://salt.tikicdn.com/cache/w1200/ts/product/12/61/e4/40d52b8b81d2d2ee0a43d868c7b52c64.jpg"",
    ""label"": null,
    ""position"": null,
    ""is_gallery"": ""true"",
    ""small_url"": ""https://salt.tikicdn.com/cache/200x280/ts/product/12/61/e4/40d52b8b81d2d2ee0a43d868c7b52c64.jpg"",
    ""base_url"": ""https://salt.tikicdn.com/ts/product/12/61/e4/40d52b8b81d2d2ee0a43d868c7b52c64.jpg""
  }, {
    ""thumbnail_url"": ""https://salt.tikicdn.com/cache/200x280/ts/product/71/df/d2/714e6339d271d58365e522bd51682bc7.jpg"",
    ""medium_url"": ""https://salt.tikicdn.com/cache/w300/ts/product/71/df/d2/714e6339d271d58365e522bd51682bc7.jpg"",
    ""large_url"": ""https://salt.tikicdn.com/cache/w1200/ts/product/71/df/d2/714e6339d271d58365e522bd51682bc7.jpg"",
    ""label"": null,
    ""position"": null,
    ""is_gallery"": ""true"",
    ""small_url"": ""https://salt.tikicdn.com/cache/200x280/ts/product/71/df/d2/714e6339d271d58365e522bd51682bc7.jpg"",
    ""base_url"": ""https://salt.tikicdn.com/ts/product/71/df/d2/714e6339d271d58365e522bd51682bc7.jpg""
  }, {
    ""thumbnail_url"": ""https://salt.tikicdn.com/cache/200x280/ts/product/56/1e/64/6ffbc22eaec9e2e2b231d37060144964.jpg"",
    ""medium_url"": ""https://salt.tikicdn.com/cache/w300/ts/product/56/1e/64/6ffbc22eaec9e2e2b231d37060144964.jpg"",
    ""large_url"": ""https://salt.tikicdn.com/cache/w1200/ts/product/56/1e/64/6ffbc22eaec9e2e2b231d37060144964.jpg"",
    ""label"": null,
    ""position"": null,
    ""is_gallery"": ""true"",
    ""small_url"": ""https://salt.tikicdn.com/cache/200x280/ts/product/56/1e/64/6ffbc22eaec9e2e2b231d37060144964.jpg"",
    ""base_url"": ""https://salt.tikicdn.com/ts/product/56/1e/64/6ffbc22eaec9e2e2b231d37060144964.jpg""
  }, {
    ""thumbnail_url"": ""https://salt.tikicdn.com/cache/200x280/ts/product/6a/10/42/4d21a4708f511d7a9b6f8708a9902e58.jpg"",
    ""medium_url"": ""https://salt.tikicdn.com/cache/w300/ts/product/6a/10/42/4d21a4708f511d7a9b6f8708a9902e58.jpg"",
    ""large_url"": ""https://salt.tikicdn.com/cache/w1200/ts/product/6a/10/42/4d21a4708f511d7a9b6f8708a9902e58.jpg"",
    ""label"": null,
    ""position"": null,
    ""is_gallery"": ""true"",
    ""small_url"": ""https://salt.tikicdn.com/cache/200x280/ts/product/6a/10/42/4d21a4708f511d7a9b6f8708a9902e58.jpg"",
    ""base_url"": ""https://salt.tikicdn.com/ts/product/6a/10/42/4d21a4708f511d7a9b6f8708a9902e58.jpg""
  }, {
    ""thumbnail_url"": ""https://salt.tikicdn.com/cache/200x280/ts/product/17/1c/90/ea787550f3d52cf7e62ecce58628d2db.jpg"",
    ""medium_url"": ""https://salt.tikicdn.com/cache/w300/ts/product/17/1c/90/ea787550f3d52cf7e62ecce58628d2db.jpg"",
    ""large_url"": ""https://salt.tikicdn.com/cache/w1200/ts/product/17/1c/90/ea787550f3d52cf7e62ecce58628d2db.jpg"",
    ""label"": null,
    ""position"": null,
    ""is_gallery"": ""true"",
    ""small_url"": ""https://salt.tikicdn.com/cache/200x280/ts/product/17/1c/90/ea787550f3d52cf7e62ecce58628d2db.jpg"",
    ""base_url"": ""https://salt.tikicdn.com/ts/product/17/1c/90/ea787550f3d52cf7e62ecce58628d2db.jpg""
  }, {
    ""thumbnail_url"": ""https://salt.tikicdn.com/cache/200x280/ts/product/5c/1c/8f/2446fb1659783b04c5320a295bb1555f.jpg"",
    ""medium_url"": ""https://salt.tikicdn.com/cache/w300/ts/product/5c/1c/8f/2446fb1659783b04c5320a295bb1555f.jpg"",
    ""large_url"": ""https://salt.tikicdn.com/cache/w1200/ts/product/5c/1c/8f/2446fb1659783b04c5320a295bb1555f.jpg"",
    ""label"": null,
    ""position"": null,
    ""is_gallery"": ""true"",
    ""small_url"": ""https://salt.tikicdn.com/cache/200x280/ts/product/5c/1c/8f/2446fb1659783b04c5320a295bb1555f.jpg"",
    ""base_url"": ""https://salt.tikicdn.com/ts/product/5c/1c/8f/2446fb1659783b04c5320a295bb1555f.jpg""
  }, {
    ""thumbnail_url"": ""https://salt.tikicdn.com/cache/200x280/ts/product/72/dc/8d/1cc90cd2013dec95e6fa63b2b07050ed.jpg"",
    ""medium_url"": ""https://salt.tikicdn.com/cache/w300/ts/product/72/dc/8d/1cc90cd2013dec95e6fa63b2b07050ed.jpg"",
    ""large_url"": ""https://salt.tikicdn.com/cache/w1200/ts/product/72/dc/8d/1cc90cd2013dec95e6fa63b2b07050ed.jpg"",
    ""label"": null,
    ""position"": null,
    ""is_gallery"": ""true"",
    ""small_url"": ""https://salt.tikicdn.com/cache/200x280/ts/product/72/dc/8d/1cc90cd2013dec95e6fa63b2b07050ed.jpg"",
    ""base_url"": ""https://salt.tikicdn.com/ts/product/72/dc/8d/1cc90cd2013dec95e6fa63b2b07050ed.jpg""
  }, {
    ""thumbnail_url"": ""https://salt.tikicdn.com/cache/200x280/ts/product/0e/ed/ec/9e4ca766bb38d53a5eba1099c724adfb.jpg"",
    ""medium_url"": ""https://salt.tikicdn.com/cache/w300/ts/product/0e/ed/ec/9e4ca766bb38d53a5eba1099c724adfb.jpg"",
    ""large_url"": ""https://salt.tikicdn.com/cache/w1200/ts/product/0e/ed/ec/9e4ca766bb38d53a5eba1099c724adfb.jpg"",
    ""label"": null,
    ""position"": null,
    ""is_gallery"": ""true"",
    ""small_url"": ""https://salt.tikicdn.com/cache/200x280/ts/product/0e/ed/ec/9e4ca766bb38d53a5eba1099c724adfb.jpg"",
    ""base_url"": ""https://salt.tikicdn.com/ts/product/0e/ed/ec/9e4ca766bb38d53a5eba1099c724adfb.jpg""
  }, {
    ""thumbnail_url"": ""https://salt.tikicdn.com/cache/200x280/ts/product/ad/7a/a5/09bc5889bce709dc770b9ffd743dd5e6.jpg"",
    ""medium_url"": ""https://salt.tikicdn.com/cache/w300/ts/product/ad/7a/a5/09bc5889bce709dc770b9ffd743dd5e6.jpg"",
    ""large_url"": ""https://salt.tikicdn.com/cache/w1200/ts/product/ad/7a/a5/09bc5889bce709dc770b9ffd743dd5e6.jpg"",
    ""label"": null,
    ""position"": null,
    ""is_gallery"": ""true"",
    ""small_url"": ""https://salt.tikicdn.com/cache/200x280/ts/product/ad/7a/a5/09bc5889bce709dc770b9ffd743dd5e6.jpg"",
    ""base_url"": ""https://salt.tikicdn.com/ts/product/ad/7a/a5/09bc5889bce709dc770b9ffd743dd5e6.jpg""
  }, {
    ""thumbnail_url"": ""https://salt.tikicdn.com/cache/200x280/ts/product/27/6b/0c/d5cdf18e340993a6b61db135948abc67.jpg"",
    ""medium_url"": ""https://salt.tikicdn.com/cache/w300/ts/product/27/6b/0c/d5cdf18e340993a6b61db135948abc67.jpg"",
    ""large_url"": ""https://salt.tikicdn.com/cache/w1200/ts/product/27/6b/0c/d5cdf18e340993a6b61db135948abc67.jpg"",
    ""label"": null,
    ""position"": null,
    ""is_gallery"": ""true"",
    ""small_url"": ""https://salt.tikicdn.com/cache/200x280/ts/product/27/6b/0c/d5cdf18e340993a6b61db135948abc67.jpg"",
    ""base_url"": ""https://salt.tikicdn.com/ts/product/27/6b/0c/d5cdf18e340993a6b61db135948abc67.jpg""
  }]
}","{
  ""warranty_info"": []
}","{
  ""categories"": {
    ""is_leaf"": ""true"",
    ""name"": ""CHƯƠNG TRÌNH KHUYẾN MẠI KHÁC"",
    ""id"": ""1343""
  }
}","<p><span style=""font-size: medium; color: #008ab7;""><strong>Tập Học Sinh Tiki Lan Tỏa Niềm Vui 96 Trang (Lốc 10 Cuốn) - Mẫu Ngẫu Nhiên</strong></span></p>
<p><strong>Tập Học Sinh Tiki Lan Tỏa Niềm Vui 96 Trang (Lốc 10 Cuốn)</strong> sẽ là sự lựa chọn lý tưởng dành cho các em học sinh trong năm học mới. Tập 96 trang, được làm từ chất liệu giấy Ford trắng đẹp và mịn, giấy có độ trắng tự nhiên, không lóa mắt khi viết, giấy viết không lem. Lốc 10 cuốn  với những hình ảnh về các vùng đất Việt Nam thân yêu sẽ tạo cho các em niềm vui học tập mỗi ngày.</p>
<p><strong>Thông tin sản phẩm</strong></p>
<p><strong>Chất giấy cao cấp</strong></p>
<p>Tập Học Sinh Tiki Lan Tỏa Niềm Vui (Lốc 10 cuốn) được làm từ loại giấy Ford cao cấp với độ trắng đạt 92% ISO, ăn mực tốt với hầu hết các loại bút. Tập học sinh 4 ô ly ngang, to, rõ ràng giúp các em viết chữ dễ dàng hơn.</p>
<p><strong>Tập được đóng chắc chắn</strong></p>
<p>Bìa tập dày, chắc chắn cho hiệu quả bảo quản bền lâu. Gáy tập được đóng chắc chắn với loại ghim tốt nhất. Bạn sẽ có một cuốn tập thật đáng yêu và chất lượng</p>
<p><strong>Lốc 10 cuốn tiện dụng</strong></p>
<p>Lốc Tập Học Sinh Tiki Lan Tỏa Niềm Vui gồm 10 cuốn với hình ảnh đáng yêu, ngộ nghĩnh về 10 vùng miền khác nhau trên đất nước Việt Nam sẽ tạo thêm niềm vui đến trường mỗi ngày cho các em nhỏ.</p>
<p>Tập Học Sinh Tiki Lan Tỏa Niềm Vui - Hải Phòng</p>
<p>Tập Học Sinh Tiki Lan Tỏa Niềm Vui - Biên Hòa</p>
<p>Tập Học Sinh Tiki Lan Tỏa Niềm Vui - Cần Thơ</p>
<p>Tập Học Sinh Tiki Lan Tỏa Niềm Vui - Tây Nguyên</p>
<p>Tập Học Sinh Tiki Lan Tỏa Niềm Vui - Hoàng Sa Và Trường Sa</p>
<p>Tập Học Sinh Tiki Lan Tỏa Niềm Vui - Tây Bắc</p>
<p>Tập Học Sinh Tiki Lan Tỏa Niềm Vui - Đà Nẵng</p>
<p>Tập Học Sinh Tiki Lan Tỏa Niềm Vui - Huế</p>
<p>Tập Học Sinh Tiki Lan Tỏa Niềm Vui - Nha Trang</p>
<p>Tập Học Sinh Tiki Lan Tỏa Niềm Vui - Cà Mau</p>
<p> </p><p>Giá sản phẩm trên Tiki đã bao gồm thuế theo luật hiện hành. Bên cạnh đó, tuỳ vào loại sản phẩm, hình thức và địa chỉ giao hàng mà có thể phát sinh thêm chi phí khác như phí vận chuyển, phụ phí hàng cồng kềnh, thuế nhập khẩu (đối với đơn hàng giao từ nước ngoài có giá trị trên 1 triệu đồng).....</p>",Tập Học Sinh Tiki Lan Tỏa Niềm Vui 96 Trang (Lốc 10 Cuốn) - Mẫu Ngẫu NhiênTập Học Sinh Tiki Lan Tỏa Niềm Vui 96 Trang (Lốc 10 Cuốn) sẽ là sự lựa chọn lý tưởng dành cho các em học sinh trong năm học m...,4.6,73019,"{
  ""brand"": {
    ""slug"": ""tiki-vn"",
    ""name"": ""Tiki.vn"",
    ""id"": ""25201""
  }
}",2.24997E+12,-704,704
1,26114399,"Nóng Giận Là Bản Năng , Tĩnh Lặng Là Bản Lĩnh",59000,"{
  ""images"": [{
    ""thumbnail_url"": ""https://salt.tikicdn.com/cache/200x280/ts/product/70/9a/98/e6d54019a2079b9565114bce93b245b7.jpg"",
    ""medium_url"": ""https://salt.tikicdn.com/cache/w300/ts/product/70/9a/98/e6d54019a2079b9565114bce93b245b7.jpg"",
    ""large_url"": ""https://salt.tikicdn.com/cache/w1200/ts/product/70/9a/98/e6d54019a2079b9565114bce93b245b7.jpg"",
    ""label"": null,
    ""position"": null,
    ""is_gallery"": ""true"",
    ""small_url"": ""https://salt.tikicdn.com/cache/200x280/ts/product/70/9a/98/e6d54019a2079b9565114bce93b245b7.jpg"",
    ""base_url"": ""https://salt.tikicdn.com/ts/product/70/9a/98/e6d54019a2079b9565114bce93b245b7.jpg""
  }]
}","{
  ""warranty_info"": [{
    ""value"": ""Xem chi tiết"",
    ""url"": ""https://hotro.tiki.vn/s/article/chinh-sach-bao-hanh-tai-tiki-nhu-the-nao"",
    ""name"": ""Hướng dẫn bảo hành""
  }]
}","{
  ""categories"": {
    ""is_leaf"": ""false"",
    ""name"": ""Sách tiếng Việt"",
    ""id"": ""316""
  }
}","<p>Sai lầm lớn nhất của chúng ta là đem những tật xấu, những cảm xúc tiêu cực trút bỏ lên những người xung quanh, càng là người thân càng dễ gây thương tổn.</p>
<p>Cái gì cũng nói toạc ra, cái gì cũng bộc lộ hết không phải là thẳng tính, mà là thiếu bản lĩnh. Suy cho cùng, tất cả những cảm xúc tiêu cực của con người đều là sự phẫn nộ dành cho bất lực của bản thân. Nếu bạn đúng, bạn không cần phải nổi giận. Nếu bạn sai, bạn không có tư cách nổi giận.</p>
<p>Đem một nắm muối bỏ vào cốc nước, cốc nước trở nên mặn chát. Đem một nắm muối bỏ vào hồ nước, hồ nước vẫn ngọt lành. Lòng người cũng vậy, càng nông cạn càng dễ biến chất, càng sâu sắc càng khó lung lay. Ý nghĩa của đời người không ngoài việc tu tâm dưỡng tính, để mở lòng ra bao la như biển hồ, trước những nắm muối thị phi của cuộc đời vẫn thản nhiên không xao động.</p>
<p>“Nóng giận là bản năng, tĩnh lặng là bản lĩnh” là từ bỏ “tam độc”, tu dưỡng một trái tim trong sáng:</p>
<ul><li>Từ bỏ “tham” – bớt một phần ham muốn, thêm một phần tự do.</li>
<li>Từ bỏ “sân” – bớt một phần tranh chấp, thêm một phần ung dung.</li>
<li>Từ bỏ “si” – bớt một phần mê muội, thêm một phần tĩnh tâm.</li>
</ul><p>Cuốn sách là tập hợp những bài học, lời tâm sự về nhân sinh, luận về cuộc đời của đại sư Hoằng Nhất – vị tài tử buông mọi trần tục để quy y cửa Phật, người được mệnh danh tinh thông kim cổ và cũng có tầm ảnh hưởng lớn trong Phật giáo.</p>
<p>Trưởng thành, hãy để lòng rộng mở, tiến gần đến chữ “Người”, học được cách bao dung, học được cách khống chế cảm xúc. Đừng để những xúc động nhất thời như ngọn lửa, tưởng thiêu rụi được kẻ thù mà thực ra lại làm bỏng tay ta trước.</p><p>Giá sản phẩm trên Tiki đã bao gồm thuế theo luật hiện hành. Bên cạnh đó, tuỳ vào loại sản phẩm, hình thức và địa chỉ giao hàng mà có thể phát sinh thêm chi phí khác như phí vận chuyển, phụ phí hàng cồng kềnh, thuế nhập khẩu (đối với đơn hàng giao từ nước ngoài có giá trị trên 1 triệu đồng).....</p>","Sai lầm lớn nhất của chúng ta là đem những tật xấu, những cảm xúc tiêu cực trút bỏ lên những người xung quanh, càng là người thân càng dễ gây thương tổn.Cái gì cũng nói toạc ra, cái gì cũng bộc lộ hế...",4.8,69433,"{
  ""brand"": null
}",6.85169E+12,-6903,6903
1,6836987,Sổ Tay Từ Vựng 120 Trang (7.6 x 13) - Mẫu Ngẫu Nhiên,8100,"{
  ""images"": [{
    ""thumbnail_url"": ""https://salt.tikicdn.com/cache/200x280/ts/product/ed/10/b5/9f15d019bbf1ae137b72c4d04a541a1e.jpg"",
    ""medium_url"": ""https://salt.tikicdn.com/cache/w300/ts/product/ed/10/b5/9f15d019bbf1ae137b72c4d04a541a1e.jpg"",
    ""large_url"": ""https://salt.tikicdn.com/cache/w1200/ts/product/ed/10/b5/9f15d019bbf1ae137b72c4d04a541a1e.jpg"",
    ""label"": null,
    ""position"": null,
    ""is_gallery"": ""true"",
    ""small_url"": ""https://salt.tikicdn.com/cache/200x280/ts/product/ed/10/b5/9f15d019bbf1ae137b72c4d04a541a1e.jpg"",
    ""base_url"": ""https://salt.tikicdn.com/ts/product/ed/10/b5/9f15d019bbf1ae137b72c4d04a541a1e.jpg""
  }, {
    ""thumbnail_url"": ""https://salt.tikicdn.com/cache/200x280/ts/product/bf/4c/c4/978640c7ba32826cb8494cf6a3188b3d.jpg"",
    ""medium_url"": ""https://salt.tikicdn.com/cache/w300/ts/product/bf/4c/c4/978640c7ba32826cb8494cf6a3188b3d.jpg"",
    ""large_url"": ""https://salt.tikicdn.com/cache/w1200/ts/product/bf/4c/c4/978640c7ba32826cb8494cf6a3188b3d.jpg"",
    ""label"": null,
    ""position"": null,
    ""is_gallery"": ""true"",
    ""small_url"": ""https://salt.tikicdn.com/cache/200x280/ts/product/bf/4c/c4/978640c7ba32826cb8494cf6a3188b3d.jpg"",
    ""base_url"": ""https://salt.tikicdn.com/ts/product/bf/4c/c4/978640c7ba32826cb8494cf6a3188b3d.jpg""
  }, {
    ""thumbnail_url"": ""https://salt.tikicdn.com/cache/200x280/ts/product/be/42/0f/47a3e189e281489ea9d3b4b01358cb89.jpg"",
    ""medium_url"": ""https://salt.tikicdn.com/cache/w300/ts/product/be/42/0f/47a3e189e281489ea9d3b4b01358cb89.jpg"",
    ""large_url"": ""https://salt.tikicdn.com/cache/w1200/ts/product/be/42/0f/47a3e189e281489ea9d3b4b01358cb89.jpg"",
    ""label"": null,
    ""position"": null,
    ""is_gallery"": ""true"",
    ""small_url"": ""https://salt.tikicdn.com/cache/200x280/ts/product/be/42/0f/47a3e189e281489ea9d3b4b01358cb89.jpg"",
    ""base_url"": ""https://salt.tikicdn.com/ts/product/be/42/0f/47a3e189e281489ea9d3b4b01358cb89.jpg""
  }, {
    ""thumbnail_url"": ""https://salt.tikicdn.com/cache/200x280/ts/product/4c/34/c6/18f7c269d172c7c735133ca7d0655a28.jpg"",
    ""medium_url"": ""https://salt.tikicdn.com/cache/w300/ts/product/4c/34/c6/18f7c269d172c7c735133ca7d0655a28.jpg"",
    ""large_url"": ""https://salt.tikicdn.com/cache/w1200/ts/product/4c/34/c6/18f7c269d172c7c735133ca7d0655a28.jpg"",
    ""label"": null,
    ""position"": null,
    ""is_gallery"": ""true"",
    ""small_url"": ""https://salt.tikicdn.com/cache/200x280/ts/product/4c/34/c6/18f7c269d172c7c735133ca7d0655a28.jpg"",
    ""base_url"": ""https://salt.tikicdn.com/ts/product/4c/34/c6/18f7c269d172c7c735133ca7d0655a28.jpg""
  }, {
    ""thumbnail_url"": ""https://salt.tikicdn.com/cache/200x280/ts/product/20/9f/02/f2f059d43603139ca06a934a8f70efc5.jpg"",
    ""medium_url"": ""https://salt.tikicdn.com/cache/w300/ts/product/20/9f/02/f2f059d43603139ca06a934a8f70efc5.jpg"",
    ""large_url"": ""https://salt.tikicdn.com/cache/w1200/ts/product/20/9f/02/f2f059d43603139ca06a934a8f70efc5.jpg"",
    ""label"": null,
    ""position"": null,
    ""is_gallery"": ""true"",
    ""small_url"": ""https://salt.tikicdn.com/cache/200x280/ts/product/20/9f/02/f2f059d43603139ca06a934a8f70efc5.jpg"",
    ""base_url"": ""https://salt.tikicdn.com/ts/product/20/9f/02/f2f059d43603139ca06a934a8f70efc5.jpg""
  }, {
    ""thumbnail_url"": ""https://salt.tikicdn.com/cache/200x280/ts/product/0e/bb/08/bc19db70a09c266a5b5b133574fcdc16.jpg"",
    ""medium_url"": ""https://salt.tikicdn.com/cache/w300/ts/product/0e/bb/08/bc19db70a09c266a5b5b133574fcdc16.jpg"",
    ""large_url"": ""https://salt.tikicdn.com/cache/w1200/ts/product/0e/bb/08/bc19db70a09c266a5b5b133574fcdc16.jpg"",
    ""label"": null,
    ""position"": null,
    ""is_gallery"": ""true"",
    ""small_url"": ""https://salt.tikicdn.com/cache/200x280/ts/product/0e/bb/08/bc19db70a09c266a5b5b133574fcdc16.jpg"",
    ""base_url"": ""https://salt.tikicdn.com/ts/product/0e/bb/08/bc19db70a09c266a5b5b133574fcdc16.jpg""
  }, {
    ""thumbnail_url"": ""https://salt.tikicdn.com/cache/200x280/ts/product/c6/df/17/5538053a4ee6bc172cda98771b902be0.jpg"",
    ""medium_url"": ""https://salt.tikicdn.com/cache/w300/ts/product/c6/df/17/5538053a4ee6bc172cda98771b902be0.jpg"",
    ""large_url"": ""https://salt.tikicdn.com/cache/w1200/ts/product/c6/df/17/5538053a4ee6bc172cda98771b902be0.jpg"",
    ""label"": null,
    ""position"": null,
    ""is_gallery"": ""true"",
    ""small_url"": ""https://salt.tikicdn.com/cache/200x280/ts/product/c6/df/17/5538053a4ee6bc172cda98771b902be0.jpg"",
    ""base_url"": ""https://salt.tikicdn.com/ts/product/c6/df/17/5538053a4ee6bc172cda98771b902be0.jpg""
  }, {
    ""thumbnail_url"": ""https://salt.tikicdn.com/cache/200x280/ts/product/dd/b2/e0/81420d7120a1b2b34a80d1f03169dfdc.jpg"",
    ""medium_url"": ""https://salt.tikicdn.com/cache/w300/ts/product/dd/b2/e0/81420d7120a1b2b34a80d1f03169dfdc.jpg"",
    ""large_url"": ""https://salt.tikicdn.com/cache/w1200/ts/product/dd/b2/e0/81420d7120a1b2b34a80d1f03169dfdc.jpg"",
    ""label"": null,
    ""position"": null,
    ""is_gallery"": ""true"",
    ""small_url"": ""https://salt.tikicdn.com/cache/200x280/ts/product/dd/b2/e0/81420d7120a1b2b34a80d1f03169dfdc.jpg"",
    ""base_url"": ""https://salt.tikicdn.com/ts/product/dd/b2/e0/81420d7120a1b2b34a80d1f03169dfdc.jpg""
  }, {
    ""thumbnail_url"": ""https://salt.tikicdn.com/cache/200x280/ts/product/d3/85/24/97d3631f72911ffe6ceac5e612df8c5a.jpg"",
    ""medium_url"": ""https://salt.tikicdn.com/cache/w300/ts/product/d3/85/24/97d3631f72911ffe6ceac5e612df8c5a.jpg"",
    ""large_url"": ""https://salt.tikicdn.com/cache/w1200/ts/product/d3/85/24/97d3631f72911ffe6ceac5e612df8c5a.jpg"",
    ""label"": null,
    ""position"": null,
    ""is_gallery"": ""true"",
    ""small_url"": ""https://salt.tikicdn.com/cache/200x280/ts/product/d3/85/24/97d3631f72911ffe6ceac5e612df8c5a.jpg"",
    ""base_url"": ""https://salt.tikicdn.com/ts/product/d3/85/24/97d3631f72911ffe6ceac5e612df8c5a.jpg""
  }, {
    ""thumbnail_url"": ""https://salt.tikicdn.com/cache/200x280/ts/product/fd/c9/3c/eafe526ed17f188fc3655fc5ffc3e3c6.jpg"",
    ""medium_url"": ""https://salt.tikicdn.com/cache/w300/ts/product/fd/c9/3c/eafe526ed17f188fc3655fc5ffc3e3c6.jpg"",
    ""large_url"": ""https://salt.tikicdn.com/cache/w1200/ts/product/fd/c9/3c/eafe526ed17f188fc3655fc5ffc3e3c6.jpg"",
    ""label"": null,
    ""position"": null,
    ""is_gallery"": ""true"",
    ""small_url"": ""https://salt.tikicdn.com/cache/200x280/ts/product/fd/c9/3c/eafe526ed17f188fc3655fc5ffc3e3c6.jpg"",
    ""base_url"": ""https://salt.tikicdn.com/ts/product/fd/c9/3c/eafe526ed17f188fc3655fc5ffc3e3c6.jpg""
  }, {
    ""thumbnail_url"": ""https://salt.tikicdn.com/cache/200x280/ts/product/b8/0d/30/6b5186004f8ad7913ed0c12a886b9962.jpg"",
    ""medium_url"": ""https://salt.tikicdn.com/cache/w300/ts/product/b8/0d/30/6b5186004f8ad7913ed0c12a886b9962.jpg"",
    ""large_url"": ""https://salt.tikicdn.com/cache/w1200/ts/product/b8/0d/30/6b5186004f8ad7913ed0c12a886b9962.jpg"",
    ""label"": null,
    ""position"": null,
    ""is_gallery"": ""true"",
    ""small_url"": ""https://salt.tikicdn.com/cache/200x280/ts/product/b8/0d/30/6b5186004f8ad7913ed0c12a886b9962.jpg"",
    ""base_url"": ""https://salt.tikicdn.com/ts/product/b8/0d/30/6b5186004f8ad7913ed0c12a886b9962.jpg""
  }, {
    ""thumbnail_url"": ""https://salt.tikicdn.com/cache/200x280/ts/product/bc/a3/c4/5f092e441ca54c5453bddbf11451f57d.jpg"",
    ""medium_url"": ""https://salt.tikicdn.com/cache/w300/ts/product/bc/a3/c4/5f092e441ca54c5453bddbf11451f57d.jpg"",
    ""large_url"": ""https://salt.tikicdn.com/cache/w1200/ts/product/bc/a3/c4/5f092e441ca54c5453bddbf11451f57d.jpg"",
    ""label"": null,
    ""position"": null,
    ""is_gallery"": ""true"",
    ""small_url"": ""https://salt.tikicdn.com/cache/200x280/ts/product/bc/a3/c4/5f092e441ca54c5453bddbf11451f57d.jpg"",
    ""base_url"": ""https://salt.tikicdn.com/ts/product/bc/a3/c4/5f092e441ca54c5453bddbf11451f57d.jpg""
  }, {
    ""thumbnail_url"": ""https://salt.tikicdn.com/cache/200x280/ts/product/6b/94/f1/a46cb5032bf0b891591f217264a5ef9b.jpg"",
    ""medium_url"": ""https://salt.tikicdn.com/cache/w300/ts/product/6b/94/f1/a46cb5032bf0b891591f217264a5ef9b.jpg"",
    ""large_url"": ""https://salt.tikicdn.com/cache/w1200/ts/product/6b/94/f1/a46cb5032bf0b891591f217264a5ef9b.jpg"",
    ""label"": null,
    ""position"": null,
    ""is_gallery"": ""true"",
    ""small_url"": ""https://salt.tikicdn.com/cache/200x280/ts/product/6b/94/f1/a46cb5032bf0b891591f217264a5ef9b.jpg"",
    ""base_url"": ""https://salt.tikicdn.com/ts/product/6b/94/f1/a46cb5032bf0b891591f217264a5ef9b.jpg""
  }, {
    ""thumbnail_url"": ""https://salt.tikicdn.com/cache/200x280/ts/product/af/5a/65/b1ee30bb8771ceb11e0b6d883b789aa4.jpg"",
    ""medium_url"": ""https://salt.tikicdn.com/cache/w300/ts/product/af/5a/65/b1ee30bb8771ceb11e0b6d883b789aa4.jpg"",
    ""large_url"": ""https://salt.tikicdn.com/cache/w1200/ts/product/af/5a/65/b1ee30bb8771ceb11e0b6d883b789aa4.jpg"",
    ""label"": null,
    ""position"": null,
    ""is_gallery"": ""true"",
    ""small_url"": ""https://salt.tikicdn.com/cache/200x280/ts/product/af/5a/65/b1ee30bb8771ceb11e0b6d883b789aa4.jpg"",
    ""base_url"": ""https://salt.tikicdn.com/ts/product/af/5a/65/b1ee30bb8771ceb11e0b6d883b789aa4.jpg""
  }, {
    ""thumbnail_url"": ""https://salt.tikicdn.com/cache/200x280/ts/product/3b/e2/c6/a9c78f64fc9cacc76dccceec73efae76.jpg"",
    ""medium_url"": ""https://salt.tikicdn.com/cache/w300/ts/product/3b/e2/c6/a9c78f64fc9cacc76dccceec73efae76.jpg"",
    ""large_url"": ""https://salt.tikicdn.com/cache/w1200/ts/product/3b/e2/c6/a9c78f64fc9cacc76dccceec73efae76.jpg"",
    ""label"": null,
    ""position"": null,
    ""is_gallery"": ""true"",
    ""small_url"": ""https://salt.tikicdn.com/cache/200x280/ts/product/3b/e2/c6/a9c78f64fc9cacc76dccceec73efae76.jpg"",
    ""base_url"": ""https://salt.tikicdn.com/ts/product/3b/e2/c6/a9c78f64fc9cacc76dccceec73efae76.jpg""
  }]
}","{
  ""warranty_info"": [{
    ""value"": ""Xem chi tiết"",
    ""url"": ""https://hotro.tiki.vn/s/article/chinh-sach-bao-hanh-tai-tiki-nhu-the-nao"",
    ""name"": ""Hướng dẫn bảo hành""
  }]
}","{
  ""categories"": {
    ""is_leaf"": ""true"",
    ""name"": ""Sổ Tay Các Loại"",
    ""id"": ""1899""
  }
}","<ul>
<li><strong>Sổ Tay Từ Vựng 120 Trang (7.6 x 13) - Mẫu Ngẫu Nhiên</strong> là vật dụng cần thiết giúp bạn ghi chú những thông tin quan trọng, là món quà ý nghĩa dành tặng cho người thân, bạn bè.</li>
<li>Thiết kế sổ gọn nhỏ, dễ dàng cho vào túi xách, ba lô để mang theo bên người khi ra ngoài.</li>
<li>Với cuốn sổ xinh xắn này, bạn có thể dùng để ghi chú các công việc, kế hoạch hàng ngày, làm sổ tay, quà tặ</li>
<li>Sản phẩm thích hợp cho nhiều đối tượng sử dụng khác nhau như: học sinh, sinh viên, nhân viên văn phòng, chủ cửa hàng kinh</li>
</ul><p>Giá sản phẩm trên Tiki đã bao gồm thuế theo luật hiện hành. Bên cạnh đó, tuỳ vào loại sản phẩm, hình thức và địa chỉ giao hàng mà có thể phát sinh thêm chi phí khác như phí vận chuyển, phụ phí hàng cồng kềnh, thuế nhập khẩu (đối với đơn hàng giao từ nước ngoài có giá trị trên 1 triệu đồng).....</p>","Sổ Tay Từ Vựng 120 Trang (7.6 x 13) - Mẫu Ngẫu Nhiên là vật dụng cần thiết giúp bạn ghi chú những thông tin quan trọng, là món quà ý nghĩa dành tặng cho người thân, bạn bè.Thiết kế sổ gọn nhỏ, dễ dà...",4.6,66160,"{
  ""brand"": {
    ""slug"": ""oem"",
    ""name"": ""OEM"",
    ""id"": ""111461""
  }
}",3.66426E+12,-795,795
1,74021317,Cây Cam Ngọt Của Tôi,72000,"{
  ""images"": [{
    ""thumbnail_url"": ""https://salt.tikicdn.com/cache/200x280/ts/product/5e/18/24/2a6154ba08df6ce6161c13f4303fa19e.jpg"",
    ""medium_url"": ""https://salt.tikicdn.com/cache/w300/ts/product/5e/18/24/2a6154ba08df6ce6161c13f4303fa19e.jpg"",
    ""large_url"": ""https://salt.tikicdn.com/cache/w1200/ts/product/5e/18/24/2a6154ba08df6ce6161c13f4303fa19e.jpg"",
    ""label"": null,
    ""position"": null,
    ""is_gallery"": ""true"",
    ""small_url"": ""https://salt.tikicdn.com/cache/200x280/ts/product/5e/18/24/2a6154ba08df6ce6161c13f4303fa19e.jpg"",
    ""base_url"": ""https://salt.tikicdn.com/ts/product/5e/18/24/2a6154ba08df6ce6161c13f4303fa19e.jpg""
  }]
}","{
  ""warranty_info"": []
}","{
  ""categories"": {
    ""is_leaf"": ""false"",
    ""name"": ""Sách tiếng Việt"",
    ""id"": ""316""
  }
}","<p>“Vị chua chát của cái nghèo hòa trộn với vị ngọt ngào khi khám phá ra những điều khiến cuộc đời này đáng số một tác phẩm kinh điển của Brazil.”</p>
<p>- Booklist</p>
<p>“Một cách nhìn cuộc sống gần như hoàn chỉnh từ con mắt trẻ thơ… có sức mạnh sưởi ấm và làm tan nát cõi lòng, dù người đọc ở lứa tuổi nào.”</p>
<p>- The National</p>
<p>Hãy làm quen với Zezé, cậu bé tinh nghịch siêu hạng đồng thời cũng đáng yêu bậc nhất, với ước mơ lớn lên trở thành nhà thơ cổ thắt nơ bướm. Chẳng phải ai cũng công nhận khoản “đáng yêu” kia đâu nhé. Bởi vì, ở cái xóm ngoại ô nghèo ấy, nỗi khắc khổ bủa vây đã che mờ mắt người ta trước trái tim thiện lương cùng trí tưởng tượng tuyệt vời của cậu bé con năm tuổi.</p>
<p>Có hề gì đâu bao nhiêu là hắt hủi, đánh mắng, vì Zezé đã có một người bạn đặc biệt để trút nỗi lòng: cây cam ngọt nơi vườn sau. Và cả một người bạn nữa, bằng xương bằng thịt, một ngày kia xuất hiện, cho cậu bé nhạy cảm khôn sớm biết thế nào là trìu mến, thế nào là nỗi đau, và mãi mãi thay đổi cuộc đời cậu.<br />Mở đầu bằng những thanh âm trong sáng và kết thúc lắng lại trong những nốt trầm hoài niệm, Cây cam ngọt của tôi khiến ta nhận ra vẻ đẹp thực sự của cuộc sống đến từ những điều giản dị như bông hoa trắng của cái cây sau nhà, và rằng cuộc đời thật khốn khổ nếu thiếu đi lòng yêu thương và niềm trắc ẩn. Cuốn sách kinh điển này bởi thế không ngừng khiến trái tim người đọc khắp thế giới thổn thức, kể từ khi ra mắt lần đầu năm 1968 tại Brazil.</p>
<p><strong>Tác giả: </strong></p>
<p>JOSÉ MAURO DE VASCONCELOS (1920-1984) là nhà văn người Brazil. Sinh ra trong một gia đình nghèo ở ngoại ô Rio de Janeiro, lớn lên ông phải làm đủ nghề để kiếm sống. Nhưng với tài kể chuyện thiên bẩm, trí nhớ phi thường, trí tưởng tượng tuyệt vời cùng vốn sống phong phú, José cảm thấy trong mình thôi thúc phải trở thành nhà văn nên đã bắt đầu sáng tác năm 22 tuổi. Tác phẩm nổi tiếng nhất của ông là tiểu thuyết mang màu sắc tự truyện Cây cam ngọt của tôi. Cuốn sách được đưa vào chương trình tiểu học của Brazil, được bán bản quyền cho hai mươi quốc gia và chuyển thể thành phim điện ảnh. Ngoài ra, José còn rất thành công trong vai trò diễn viên điện ảnh và biên kịch.</p><p>Giá sản phẩm trên Tiki đã bao gồm thuế theo luật hiện hành. Bên cạnh đó, tuỳ vào loại sản phẩm, hình thức và địa chỉ giao hàng mà có thể phát sinh thêm chi phí khác như phí vận chuyển, phụ phí hàng cồng kềnh, thuế nhập khẩu (đối với đơn hàng giao từ nước ngoài có giá trị trên 1 triệu đồng).....</p>",“Vị chua chát của cái nghèo hòa trộn với vị ngọt ngào khi khám phá ra những điều khiến cuộc đời này đáng số một tác phẩm kinh điển của Brazil.”- Booklist“Một cách nhìn cuộc sống gần như hoàn chỉnh t...,5.0,64194,"{
  ""brand"": null
}",5.97791E+12,-12608,12608
1,750578,Khi Hơi Thở Hóa Thinh Không,75100,"{
  ""images"": [{
    ""thumbnail_url"": ""https://salt.tikicdn.com/cache/200x280/ts/product/98/44/06/f70e31b82dd24a7dd1e62f4e6121ee4b.jpg"",
    ""medium_url"": ""https://salt.tikicdn.com/cache/w300/ts/product/98/44/06/f70e31b82dd24a7dd1e62f4e6121ee4b.jpg"",
    ""large_url"": ""https://salt.tikicdn.com/cache/w1200/ts/product/98/44/06/f70e31b82dd24a7dd1e62f4e6121ee4b.jpg"",
    ""label"": null,
    ""position"": null,
    ""is_gallery"": ""true"",
    ""small_url"": ""https://salt.tikicdn.com/cache/200x280/ts/product/98/44/06/f70e31b82dd24a7dd1e62f4e6121ee4b.jpg"",
    ""base_url"": ""https://salt.tikicdn.com/ts/product/98/44/06/f70e31b82dd24a7dd1e62f4e6121ee4b.jpg""
  }, {
    ""thumbnail_url"": ""https://salt.tikicdn.com/cache/200x280/media/catalog/product/k/h/khi-hoi-tho-hoa-thinh-khong.u5464.d20170726.t170655.288851.jpg"",
    ""medium_url"": ""https://salt.tikicdn.com/cache/w300/media/catalog/product/k/h/khi-hoi-tho-hoa-thinh-khong.u5464.d20170726.t170655.288851.jpg"",
    ""large_url"": ""https://salt.tikicdn.com/cache/w1200/media/catalog/product/k/h/khi-hoi-tho-hoa-thinh-khong.u5464.d20170726.t170655.288851.jpg"",
    ""label"": null,
    ""position"": null,
    ""is_gallery"": ""true"",
    ""small_url"": ""https://salt.tikicdn.com/cache/200x280/media/catalog/product/k/h/khi-hoi-tho-hoa-thinh-khong.u5464.d20170726.t170655.288851.jpg"",
    ""base_url"": ""https://salt.tikicdn.com/media/catalog/product/k/h/khi-hoi-tho-hoa-thinh-khong.u5464.d20170726.t170655.288851.jpg""
  }]
}","{
  ""warranty_info"": [{
    ""value"": ""Xem chi tiết"",
    ""url"": ""https://hotro.tiki.vn/s/article/chinh-sach-bao-hanh-tai-tiki-nhu-the-nao"",
    ""name"": ""Hướng dẫn bảo hành""
  }]
}","{
  ""categories"": {
    ""is_leaf"": ""false"",
    ""name"": ""Sách tiếng Việt"",
    ""id"": ""316""
  }
}","<p><strong> Khi Hơi Thở Hóa Thinh Không </strong> là tự truyện của một bác sĩ bị mắc bệnh ung thư phổi. Trong cuốn sách này, tác giả đã chia sẻ những trải nghiệm từ khi mới     bắt đầu học ngành y, tiếp xúc với bệnh nhân cho tới khi phát hiện ra mình bị ung thư và phải điều trị lâu dài.</p>
<p>Kalanithi rất yêu thích văn chương nên câu chuyện của anh đã được thuật lại theo một phong cách mượt mà, dung dị và đầy     cảm xúc. Độc giả cũng được hiểu thêm về triết lý sống, triết lý nghề y của Kalanithi, thông qua ký ức về những ngày anh còn     là sinh viên, rồi thực tập, cho đến khi chính thức hành nghề phẫu thuật thần kinh. “Đối với bệnh nhân và gia đình, phẫu thuật     não là sự kiện bi thảm nhất mà họ từng phải đối mặt và nó có tác động như bất kỳ một biến cố lớn lao trong đời. Trong những     thời điểm nguy cấp đó, câu hỏi không chỉ đơn thuần là sống hay chết mà còn là cuộc sống nào đáng sống.” – Kalanithi luôn     biết cách đưa vào câu chuyện những suy nghĩ sâu sắc và đầy sự đồng cảm như thế.</p>
<p>Bạn bè và gia đình đã dành tặng những lời trìu mến nhất cho con người đáng kính trọng cả về tài năng lẫn nhân cách này.     Dù không thể vượt qua cơn bệnh nan y, nhưng thông điệp của tác giả sẽ còn khiến người đọc nhớ mãi.</p><p>Giá sản phẩm trên Tiki đã bao gồm thuế theo luật hiện hành. Bên cạnh đó, tuỳ vào loại sản phẩm, hình thức và địa chỉ giao hàng mà có thể phát sinh thêm chi phí khác như phí vận chuyển, phụ phí hàng cồng kềnh, thuế nhập khẩu (đối với đơn hàng giao từ nước ngoài có giá trị trên 1 triệu đồng).....</p>"," Khi Hơi Thở Hóa Thinh Không  là tự truyện của một bác sĩ bị mắc bệnh ung thư phổi. Trong cuốn sách này, tác giả đã chia sẻ những trải nghiệm từ khi mới     bắt đầu học ngành y, tiếp xúc với bệnh nhân...",4.7,60337,"{
  ""brand"": null
}",2.50601E+12,-2150,2150
